平台,点赞数,评论数,博主名字,视频封面,视频链接,发布时间,视频标题/说明,播放量,分享数,时长秒,采集说明,来源URL
TikTok,4901999,7188,Emily,https://p16-common-sign.tiktokcdn-eu.com/tos-no1a-p-0037-no/oYfpOZROE8DqCpGEulFaAIOvFKG0IgBeZLCkXA~tplv-tiktokx-origin.image?biz_tag=musically_video.video_cover&dr=1347&idc=no1a&ps=933b5bde&refresh_token=73349bf5&s=SEARCH&sc=cover&shcp=c1333099&shp=d05b14bd&t=bacd0480&x-expires=1782723600&x-signature=OaRH9LUMCTIVMqcip6x6%2BZ2%2Bpdc%3D,https://www.tiktok.com/@emily.112056/video/7613782607838481666,2026-03-05,Like a reflex | dc: @meigamind #dancechallenge #dancer #dontoliver #fyp #germany @bbygirlaylin2,50660219,297669,19,TikTok search: dance challenge,https://www.tikwm.com/api/feed/search?keywords=dance+challenge&count=30
TikTok,4296791,14183,offstagebygrv,https://p16-common-sign.tiktokcdn-eu.com/tos-useast8-p-0068-tx2/oIrEAfUSsAPRDfEQFAjEA9BVjEaFQrTJppYyML~tplv-tiktokx-origin.image?biz_tag=musically_video.video_cover&dr=1347&idc=no1a&ps=933b5bde&refresh_token=33cb20b7&s=SEARCH&sc=cover&shcp=c1333099&shp=d05b14bd&t=bacd0480&x-expires=1782723600&x-signature=xR8X3Ys5UIoafOEgp%2FSE%2F495LY4%3D,https://www.tiktok.com/@offstagebygrv/video/7595680639655890206,2026-01-16,@rivernovin the earth bending goes crazy 🔥 #OffstageByGRV #dance #choreography #nohands #fyp,29118255,138760,43,TikTok search: no hands dance,https://www.tikwm.com/api/feed/search?keywords=no+hands+dance&count=30
TikTok,3786426,7458,Markell Washington,https://p19-common-sign.tiktokcdn-eu.com/tos-useast5-p-0068-tx/oIf8RS2EAvjYAIFEtEFSAHBDAVknAH9ZfBfIJo~tplv-tiktokx-origin.image?biz_tag=musically_video.video_cover&dr=1347&idc=no1a&ps=933b5bde&refresh_token=da4066ea&s=SEARCH&sc=cover&shcp=c1333099&shp=d05b14bd&t=bacd0480&x-expires=1782723600&x-signature=mBsOp7eR0yJtqPW5gtVZ4dxa7xw%3D,https://www.tiktok.com/@markellwashington1/video/7600982671245856013,2026-01-30,And I’m going to do it every time I hear the song it’s only one way to hit this dance and it’s @rivernovin way period !!,22023330,101512,24,TikTok search: no hands dance,https://www.tikwm.com/api/feed/search?keywords=no+hands+dance&count=30
TikTok,3400997,4534,mari,https://p16-common-sign.tiktokcdn-eu.com/tos-alisg-p-0037/ooCSMyEwO4AiJi9ZDqINzevHAmBjABAIpAs0rv~tplv-tiktokx-origin.image?biz_tag=musically_video.video_cover&dr=1347&idc=no1a&ps=933b5bde&refresh_token=2caca807&s=SEARCH&sc=cover&shcp=c1333099&shp=d05b14bd&t=bacd0480&x-expires=1782723600&x-signature=zn3rMgqXs7rdej5ejjLs8nq1b20%3D,https://www.tiktok.com/@5zmartins/video/7633432898351287572,2026-04-27,cortis 'redred' dance practice #fy #cortis #coer #redred #dancepractice,22196281,110492,51,TikTok search: redred dance challenge,https://www.tikwm.com/api/feed/search?keywords=redred+dance+challenge&count=30
TikTok,2632470,5879,JeanieRn,https://p16-common-sign.tiktokcdn-eu.com/tos-useast8-p-0068-tx2/o8mAjFAIiIBAwqkiBGArC0Nm4S2iICDvIgKZfm~tplv-tiktokx-origin.image?biz_tag=musically_video.video_cover&dr=1347&idc=no1a&ps=933b5bde&refresh_token=e2b36979&s=SEARCH&sc=cover&shcp=c1333099&shp=d05b14bd&t=bacd0480&x-expires=1782723600&x-signature=V8I8BupLiK9d%2BxOu%2B8nwhkCc1X8%3D,https://www.tiktok.com/@jeaniern/video/7602133947459374367,2026-02-02,#rocksteady #dance #motherdaughter #megantheestallion #viraldance,24640527,166963,7,TikTok search: viral dance,https://www.tikwm.com/api/feed/search?keywords=viral+dance&count=30
TikTok,1559666,6236,ryan 😜,https://p16-common-sign.tiktokcdn-eu.com/tos-alisg-p-0037/o4aIQOVE5XI6ADBAKVi2s7ibWXGx5qAnYvOBh~tplv-tiktokx-origin.image?biz_tag=musically_video.video_cover&dr=10402&idc=no1a&ps=13740610&refresh_token=b1f1792f&shcp=9b759fb9&shp=c1333099&t=4d5b0474&x-expires=1782658800&x-signature=TDZUCWjQRpq5pw%2BzzugfoE6PQJo%3D,https://www.tiktok.com/@e_ryan10/video/7644257360269069589,2026-05-27,#reels #viral #dance #fyppppppppppppppppppppppp #fyp,21464052,58493,11,TikTok search: viral dance,https://www.tikwm.com/api/feed/search?keywords=viral+dance&count=30
TikTok,1590988,1963,F1girls,https://p16-common-sign.tiktokcdn-eu.com/tos-useast8-p-0068-tx2/owUAqIBQG8b8ICkZAIeGAeBVjLPDNTIIDfojjA~tplv-tiktokx-origin.image?biz_tag=musically_video.video_cover&dr=1347&idc=no1a&ps=933b5bde&refresh_token=64cd621e&s=SEARCH&sc=cover&shcp=c1333099&shp=d05b14bd&t=bacd0480&x-expires=1782723600&x-signature=qWA3nee1hXbg4DptX4W2Iz%2BTf3M%3D,https://www.tiktok.com/@f1girls12/video/7602155390553443614,2026-02-02,I know I usually post f1 content but this dance is too good. Creds: @rivernovin amazing #dance #nohands #edit,9354227,44997,33,TikTok search: no hands dance,https://www.tikwm.com/api/feed/search?keywords=no+hands+dance&count=30
TikTok,1222022,3321,Lydia Farnsworth,https://p16-common-sign.tiktokcdn-eu.com/tos-useast8-p-0068-tx2/o8XhDAloRA6QQMfAQTLvBGfJUfG8gb4ARekAQM~tplv-tiktokx-origin.image?biz_tag=musically_video.video_cover&dr=1347&idc=no1a&ps=933b5bde&refresh_token=bf82d7ec&s=SEARCH&sc=cover&shcp=c1333099&shp=d05b14bd&t=bacd0480&x-expires=1782723600&x-signature=kWRFAQt8TWCl%2FSPmERYz01QiBHA%3D,https://www.tiktok.com/@lydiajane186/video/7643099039763860767,2026-05-23,woww @lynnexshya16 #deepseadivers #dancefortsopeople #dancestolearn #viralfyptrenddance #utahfypviraltrend,18473039,76358,22,TikTok search: dance trend,https://www.tikwm.com/api/feed/search?keywords=dance+trend&count=30
TikTok,1205332,1616,trio maravilha 🕺,https://p16-common-sign.tiktokcdn-eu.com/tos-useast2a-p-0037-euttp/oUALkL5bt5m8G2fTjeIDNnI0gMI4GfGgzTlHgU~tplv-tiktokx-origin.image?biz_tag=musically_video.video_cover&dr=1347&idc=no1a&item=7634285108861701409&ps=933b5bde&refresh_token=ce3319eb&s=SEARCH&sc=cover&shcp=c1333099&shp=d05b14bd&t=bacd0480&x-expires=1782723600&x-signature=e7d8NCnVdx7FSmTlLwfEK0IGFbQ%3D,https://www.tiktok.com/@triomaravilha010/video/7634285108861701409,2026-04-30,#passinhodojamal🇧🇷 #fyp,15818039,71031,21,TikTok search: passinho do jamal dance,https://www.tikwm.com/api/feed/search?keywords=passinho+do+jamal+dance&count=30
TikTok,923889,1139,Layla,https://p16-common-sign.tiktokcdn-eu.com/tos-useast8-p-0068-tx2/ogCIUekheAIjGq1IBGeIAXCqJIwLIsMXSwYqEB~tplv-tiktokx-origin.image?biz_tag=musically_video.video_cover&dr=1347&idc=no1a&ps=933b5bde&refresh_token=3e2aa714&s=SEARCH&sc=cover&shcp=c1333099&shp=d05b14bd&t=bacd0480&x-expires=1782723600&x-signature=gEVzFR1eH%2FQ5lPVLJc8pmdgVo28%3D,https://www.tiktok.com/@layla_.mckenzie/video/7593389977199791390,2026-01-09,1st place Flow dance team hiphop #hiphopdance #groupdance #danceteam #hiphopdancer #hiphop,7126073,28754,60,TikTok search: no hands dance,https://www.tikwm.com/api/feed/search?keywords=no+hands+dance&count=30
TikTok,827547,1966,ignite⭐️,https://p16-common-sign.tiktokcdn-eu.com/tos-useast2a-p-0037-euttp/oIeYCGeITtGJfVLrDNXQg0MRIaAjGGngQJ8zM1~tplv-tiktokx-origin.image?biz_tag=musically_video.video_cover&dr=1347&idc=no1a&item=7617187902694509857&ps=933b5bde&refresh_token=467a8a8b&s=SEARCH&sc=cover&shcp=c1333099&shp=d05b14bd&t=bacd0480&x-expires=1782723600&x-signature=LVk5TId917mdwZdeKW0DwZoNHJY%3D,https://www.tiktok.com/@ignite.dancegroup/video/7617187902694509857,2026-03-15,@sophia🪽 @L.J🧚‍♀️🧞‍♀️ @melania dc:@Hanna🪽 #fypp#goviral#hiphop#dance#dancechallenge,5891103,25815,12,TikTok search: hip hop dance challenge,https://www.tikwm.com/api/feed/search?keywords=hip+hop+dance+challenge&count=30
TikTok,632775,4333,SingSing,https://p16-common-sign.tiktokcdn-eu.com/tos-alisg-p-0037/ogGIDMjoeQAKzuILeSs6weCluAI8vCGUTQojtL~tplv-tiktokx-dmt-logom:tos-alisg-i-0068/o4EAYpoE4CFAjgRusuIACFEBgWDg1mA6QfeuCU.image?biz_tag=musically_video.video_cover&dr=9230&idc=no1a&ps=933b5bde&refresh_token=8ce12009&s=SEARCH&sc=cover&shcp=c1333099&shp=d05b14bd&t=bacd0480&x-expires=1782723600&x-signature=JDuZcvKdg7CLw7Lp7WJ4h1a2A4c%3D,https://www.tiktok.com/@singsingaduck/video/7608928503005777173,2026-02-20,"NO HANDS dc: @rivernovin dance tutorial, slowed, mirrored, with Singsinging #nohands #nohandschallenge",9254091,41956,23,TikTok search: no hands dance,https://www.tikwm.com/api/feed/search?keywords=no+hands+dance&count=30
TikTok,536575,264,⠀ ⠀ ⠀ ⠀ ⠀ ⠀,https://p16-common-sign.tiktokcdn-eu.com/tos-alisg-p-0037/a114abe899ba4fa385660354e3b2e46c~tplv-tiktokx-origin.image?biz_tag=musically_video.video_cover&dr=10402&idc=no1a&ps=13740610&refresh_token=9a20aa13&shcp=9b759fb9&shp=c1333099&t=4d5b0474&x-expires=1782658800&x-signature=FnNSn41r4MhuQ4dcoSspCNIaGI4%3D,https://www.tiktok.com/@guisox/video/7627666533770120466,2026-04-12,#passinhodojamal #fyp @Levy,4074152,28378,20,TikTok search: passinho do jamal dance,https://www.tikwm.com/api/feed/search?keywords=passinho+do+jamal+dance&count=30
TikTok,495755,802,Sorana,https://p16-common-sign.tiktokcdn-eu.com/tos-useast2a-p-0037-euttp/ooPOEIBcwxDwUAcBg0gIJiZ9Stn9za5EKkiAi~tplv-tiktokx-origin.image?biz_tag=musically_video.video_cover&dr=1347&idc=no1a&item=7649123054508870944&ps=933b5bde&refresh_token=8c94e357&s=SEARCH&sc=cover&shcp=c1333099&shp=d05b14bd&t=bacd0480&x-expires=1782723600&x-signature=ynuNE%2Bnb00hKOLkR85DB4aqvb9k%3D,https://www.tiktok.com/@sorana.mra/video/7649123054508870944,2026-06-09,to the left to the right🤪 @Paula @mia #dancer #dance #dancechallenge #trio #phonk,3568366,17732,7,TikTok search: dance challenge,https://www.tikwm.com/api/feed/search?keywords=dance+challenge&count=30
TikTok,383363,2752,Cadel,https://p16-common-sign.tiktokcdn-eu.com/tos-alisg-p-0037/ogPBOMp8CYVeEVpCFGAmCIIDUgHQlDaB2pfbx4~tplv-tiktokx-origin.image?biz_tag=musically_video.video_cover&dr=1347&idc=no1a&ps=933b5bde&refresh_token=b0fd5d6a&s=SEARCH&sc=cover&shcp=c1333099&shp=d05b14bd&t=bacd0480&x-expires=1782723600&x-signature=H%2BYmLue1NeVMNVw8LitaHdzGmD8%3D,https://www.tiktok.com/@cadel_06/video/7607814547319131400,2026-02-17,NO HANDS DANCE 🤷‍♂️ dc: @rivernovin,6072636,11305,15,TikTok search: no hands dance,https://www.tikwm.com/api/feed/search?keywords=no+hands+dance&count=30
Instagram Reels,371404,301,ranzkyle,https:\/\/scontent-lax3-2.cdninstagram.com\/v\/t51.71878-15\/608507104_2617747908591836_8252472533046706329_n.jpg?stp=dst-jpg_e15_tt6&_nc_cat=111&ig_cache_key=Mzc5OTg3NjYxMTM1NDA4MzQ5OA\\u00253D\\u00253D.3-ccb7-5&ccb=7-5&_nc_sid=58cdad&efg=eyJ2ZW5jb2RlX3RhZyI6IkNMSVBTLnhwaWRzLjY0MC5zZHIudmlkZW9fbmZyYW1lX2NvdmVyX2ZyYW1lLkMzIn0\\u00253D&_nc_ohc=3CD7KRNaxysQ7kNvwFIZYJM&_nc_oc=AdoAlCatBPXN1faDjbT-tMzRvdE0JZMNc_zVl3_0mvc9lerLX8lOOzxvCDxd-mbsogA&_nc_zt=23&_nc_ht=scontent-lax3-2.cdninstagram.com&_nc_gid=URISUvjCzXV73eTkK9rByg&_nc_ss=7260f&oh=00_Af83qA7lQkQfjFQq_KmZMjkCIzmDzy5AE6_q6p6w5f-cvw&oe=6A46D3CF,https://www.instagram.com/reel/DS736U6E0Cq/,,Happy New Year! This is how we welcome 2026! \ud83d\udc83\ud83c\udffb\ud83d\udd7a\ud83c\udffb\ud83c\udf87 #siblinggoals #dance #newyearsday,1955731,,29,Instagram trend-page embed metadata; publish date unavailable on public embed,manual Instagram dance search result
TikTok,343677,932,valentino,https://p19-common-sign.tiktokcdn-eu.com/tos-useast5-p-0068-tx/oUeH7AfuSwIB3LRvEOgkIVii0A2yhpA7BrDCBL~tplv-tiktokx-origin.image?biz_tag=musically_video.video_cover&dr=1347&idc=no1a&ps=933b5bde&refresh_token=58cbb3dd&s=SEARCH&sc=cover&shcp=c1333099&shp=d05b14bd&t=bacd0480&x-expires=1782723600&x-signature=K%2FaSU1Og5m5628ifLzxlYSdI55o%3D,https://www.tiktok.com/@valinspam/video/7620142882883767565,2026-03-23,this brazilian dance is too addicting🔥🔥🇧🇷 #fyp #brazil #viral #trending #makemefamous | New Dance | Brazilian Dance | Trending Dance | Solo Tiktok | 2026 Dances | Easy Dances,25682968,29255,14,TikTok search: tiktok dance 2026,https://www.tikwm.com/api/feed/search?keywords=tiktok+dance+2026&count=30
TikTok,329824,771,darley_boo,https://p16-common-sign.tiktokcdn-eu.com/tos-no1a-p-0037-no/oI0ASg0iRBoEhAiI3CQIE6NAA2CMwvfCT3OBiW~tplv-tiktokx-origin.image?biz_tag=musically_video.video_cover&dr=1347&idc=no1a&ps=933b5bde&refresh_token=065618d7&s=SEARCH&sc=cover&shcp=c1333099&shp=d05b14bd&t=bacd0480&x-expires=1782723600&x-signature=3EnmvxCugikgZTq94FTm4TlP5DU%3D,https://www.tiktok.com/@darley_boo/video/7616778423398124822,2026-03-14,like a reflex | dc: @meigamind #dancechallenge #dancer #dontoliver #fyp #viraldance,5223426,12661,19,TikTok search: viral dance,https://www.tikwm.com/api/feed/search?keywords=viral+dance&count=30
TikTok,327072,604,CLEO,https://p16-common-sign.tiktokcdn-eu.com/tos-alisg-p-0037/owAA0DiIEAw0ExePr5iKt9DKahmgRCAQBB3IAz~tplv-tiktokx-dmt-logom:tos-alisg-i-0068/oEDAMgB8iAQH95tkAIUlABKCOwQEIKAfw0v5ki.image?biz_tag=musically_video.video_cover&dr=9230&idc=no1a&ps=933b5bde&refresh_token=af0b05bd&s=SEARCH&sc=cover&shcp=c1333099&shp=d05b14bd&t=bacd0480&x-expires=1782723600&x-signature=5y8zJ3W%2F0zUxKRyaQK%2F20pH4BH4%3D,https://www.tiktok.com/@cleyoowww/video/7633009886237871381,2026-04-26,RED RED! #cortis #dance #redred,5753251,19582,20,TikTok search: redred dance challenge,https://www.tikwm.com/api/feed/search?keywords=redred+dance+challenge&count=30
TikTok,310339,1703,kendalls.kloset,https://p19-common-sign.tiktokcdn-eu.com/tos-useast8-p-0068-tx2/ooRB2AEIlYjiajMBmApC04p2IvAECAZ37YAKi~tplv-tiktokx-origin.image?biz_tag=musically_video.video_cover&dr=1347&idc=no1a&ps=933b5bde&refresh_token=38f8e4c2&s=SEARCH&sc=cover&shcp=c1333099&shp=d05b14bd&t=bacd0480&x-expires=1782723600&x-signature=tC9z2JrXz5GMLJQnPwrez4fMW4o%3D,https://www.tiktok.com/@kendalls.kloset/video/7602821791832100127,2026-02-04,like that dance #fyp #viral #trending #blowthisup #dance #dancestolearn #dancesfor1person #fypシ #xyzbca,15230114,24434,17,TikTok search: viral dance,https://www.tikwm.com/api/feed/search?keywords=viral+dance&count=30
TikTok,303357,1919,𝐽𝑎𝑚𝑎𝑙🕺🏾,https://p16-common-sign.tiktokcdn-eu.com/tos-useast5-p-0068-tx/ooxQInkjtInsNsDyHkAFVN93IfZvUKECDEefbA~tplv-tiktokx-origin.image?biz_tag=musically_video.video_cover&dr=1347&idc=no1a&ps=933b5bde&refresh_token=e0c128e1&s=SEARCH&sc=cover&shcp=c1333099&shp=d05b14bd&t=bacd0480&x-expires=1782723600&x-signature=oEiwAhewSTMoivfuzHQZmU5hfow%3D,https://www.tiktok.com/@jamal.daone/video/7645818880148901134,2026-05-31,🦈🦈🦈🦈🦈nation #dance #viral #newdancechallenge #targetedaudience TikTok dances 2026 | Viral dances | Popular dances | Dances to learn | Trending dances | New dances | GROUP@Tyeron Sandy @janjay_0 @Isaiah….🥷🏾 @Jayy✌🏾,2794944,32646,35,TikTok search: tiktok dance 2026,https://www.tikwm.com/api/feed/search?keywords=tiktok+dance+2026&count=30
TikTok,271427,1515,ANG MARIE,https://p16-common-sign.tiktokcdn-eu.com/tos-useast5-p-0068-tx/oMfDIQkTA4pGAQfenrQuopLsRmOmIGeNFPBuGd~tplv-tiktokx-origin.image?biz_tag=musically_video.video_cover&dr=1347&idc=no1a&ps=933b5bde&refresh_token=a280c625&s=SEARCH&sc=cover&shcp=c1333099&shp=d05b14bd&t=bacd0480&x-expires=1782723600&x-signature=r07vtaHgRB5kG6jNiRSQ%2F%2FOCLg8%3D,https://www.tiktok.com/@angiemanduley/video/7625469155700919566,2026-04-06,Wish I knew the actual choreo 😭 #boat #miami #nohands #ye,1461619,13387,26,TikTok search: no hands dance,https://www.tikwm.com/api/feed/search?keywords=no+hands+dance&count=30
TikTok,267948,1148,sascha🦦,https://p16-common-sign.tiktokcdn-eu.com/tos-alisg-p-0037/oUsHcFDIREB5iIcmLaEIeQBAxB3gCtykGqfdZs~tplv-tiktokx-origin.image?biz_tag=musically_video.video_cover&dr=1347&idc=no1a&ps=933b5bde&refresh_token=45df5df6&s=SEARCH&sc=cover&shcp=c1333099&shp=d05b14bd&t=bacd0480&x-expires=1782723600&x-signature=zO3%2FsWBr8EiCgD1Ok9hcGqga0no%3D,https://www.tiktok.com/@saschajahz/video/7645638983942180117,2026-05-30,BRAZILLL coracao de vidro dance tutorialllll! @cleaur0326 #easydance #dancetrend #brazil #braziliandance,9975524,11235,15,TikTok search: dance tutorial 2026,https://www.tikwm.com/api/feed/search?keywords=dance+tutorial+2026&count=30
TikTok,259441,487,karina,https://p16-common-sign.tiktokcdn-eu.com/tos-alisg-p-0037/oIfqc4RREZDMXkoE1eFrAQc3BavFQgBmn8FUMA~tplv-tiktokx-origin.image?biz_tag=musically_video.video_cover&dr=1347&idc=no1a&ps=933b5bde&refresh_token=761fef62&s=SEARCH&sc=cover&shcp=c1333099&shp=d05b14bd&t=bacd0480&x-expires=1782723600&x-signature=vAC1WCr8X2z%2F5wSbzVyI3vLl1CY%3D,https://www.tiktok.com/@krnbzrv/video/7652314456814439700,2026-06-17,redred #fyp #dance @vika,1231000,7854,15,TikTok search: redred dance challenge,https://www.tikwm.com/api/feed/search?keywords=redred+dance+challenge&count=30
TikTok,250850,1245,kache_arizpe13,https://p16-common-sign.tiktokcdn-eu.com/tos-alisg-p-0037/o4BcUEKIBgXf9C3Zgif5AVAAxiPUApBEk1pRaz~tplv-tiktokx-origin.image?biz_tag=musically_video.video_cover&dr=1347&idc=no1a&ps=933b5bde&refresh_token=d416c18d&s=SEARCH&sc=cover&shcp=c1333099&shp=d05b14bd&t=bacd0480&x-expires=1782723600&x-signature=QYSnGpvBnlBYK%2FTY8Lc%2FMTJmC4I%3D,https://www.tiktok.com/@kache_arizpe13/video/7598662757306649877,2026-01-24,No hands… #biker #bikerboy #trend #dance #baile,2105252,8924,15,TikTok search: no hands dance,https://www.tikwm.com/api/feed/search?keywords=no+hands+dance&count=30
TikTok,234666,271,queenieliang,https://p16-common-sign.tiktokcdn-eu.com/tos-useast8-p-0068-tx2/oY8FlICwIzjqHf7uTfejsIDjTP5IwDXa2BEAAI~tplv-tiktokx-origin.image?biz_tag=musically_video.video_cover&dr=1347&idc=no1a&ps=933b5bde&refresh_token=c10bcea8&s=SEARCH&sc=cover&shcp=c1333099&shp=d05b14bd&t=bacd0480&x-expires=1782723600&x-signature=L0VqigxAJYr11yzqmd0yHrMpeAc%3D,https://www.tiktok.com/@queenieq1q1/video/7632511600930426143,2026-04-25,learned from my fyp (will redo) 😝 @CORTIS #dance #fyp #cortis #redred,2491242,5113,20,TikTok search: redred dance challenge,https://www.tikwm.com/api/feed/search?keywords=redred+dance+challenge&count=30
TikTok,221888,195,leeeeejen,https://p16-common-sign.tiktokcdn-eu.com/tos-alisg-p-0037/oohEkLF9aIDVLtBAIelgfXErp0IIRHVBUVnIgB~tplv-tiktokx-origin.image?biz_tag=musically_video.video_cover&dr=1347&idc=no1a&ps=933b5bde&refresh_token=a734a1f5&s=SEARCH&sc=cover&shcp=c1333099&shp=d05b14bd&t=bacd0480&x-expires=1782723600&x-signature=fE9%2BsmyKi%2BnhHwtDc8aesO%2B4XP0%3D,https://www.tiktok.com/@leeeeejen/video/7634870660916841746,2026-05-01,green@grandma #cortis #redred #kpop #dance #fyp,3328724,7269,36,TikTok search: redred dance challenge,https://www.tikwm.com/api/feed/search?keywords=redred+dance+challenge&count=30
TikTok,215017,490,andrea_halilaj,https://p16-common-sign.tiktokcdn-eu.com/tos-no1a-p-0037-no/o49XbmXIeJjHFgwQQDLTAJ3GAMIXFLfoey1IoQ~tplv-tiktokx-origin.image?biz_tag=musically_video.video_cover&dr=1347&idc=no1a&ps=933b5bde&refresh_token=e090a5af&s=SEARCH&sc=cover&shcp=c1333099&shp=d05b14bd&t=bacd0480&x-expires=1782723600&x-signature=af25tEk95VOHVuu4Qpfc7n80y6I%3D,https://www.tiktok.com/@andrea_halilaj/video/7632355890749885718,2026-04-24,#passinhodojamal #braziliantiktok🇧🇷 #viral #dance @M★®¡† ✨,2371086,8267,15,TikTok search: passinho do jamal dance,https://www.tikwm.com/api/feed/search?keywords=passinho+do+jamal+dance&count=30
TikTok,206242,570,Layla,https://p16-common-sign.tiktokcdn-eu.com/tos-useast8-p-0068-tx2/oQAIEuh4iPTQfCNdkfDJ5QSHqekjEKFAbx6IWk~tplv-tiktokx-origin.image?biz_tag=musically_video.video_cover&dr=1347&idc=no1a&ps=933b5bde&refresh_token=553e8c56&s=SEARCH&sc=cover&shcp=c1333099&shp=d05b14bd&t=bacd0480&x-expires=1782723600&x-signature=oNSu%2Fh51kCXDwwBanMlhEcsk4rs%3D,https://www.tiktok.com/@layla_.mckenzie/video/7636014512080014622,2026-05-04,The Get Down 11 hiphop- Daniel Moulton choreo #danyelmoultonchoreography #hiphopdance #hiphopdancer #groupdance #danceperformance,1402541,7369,36,TikTok search: hip hop dance challenge,https://www.tikwm.com/api/feed/search?keywords=hip+hop+dance+challenge&count=30
TikTok,200029,956,Kaïs 🕷️,https://p16-common-sign.tiktokcdn-eu.com/tos-useast2a-p-0037-euttp/owGeIRDTGg3IdSjq4I9geDMAgZ4GQLdPXMCufI~tplv-tiktokx-origin.image?biz_tag=musically_video.video_cover&dr=1347&idc=no1a&item=7611287855360494880&ps=933b5bde&refresh_token=3d8b9c5c&s=SEARCH&sc=cover&shcp=c1333099&shp=d05b14bd&t=bacd0480&x-expires=1782723600&x-signature=Mx4arEBuNfBnh7vd7GBSNxyoCkQ%3D,https://www.tiktok.com/@kaiss.hfs/video/7611287855360494880,2026-02-27,No hands ✋ dc: @rivernovin with @Owen_Jackson_dance.off #dance #fyp,1903806,7648,15,TikTok search: no hands dance,https://www.tikwm.com/api/feed/search?keywords=no+hands+dance&count=30
TikTok,184961,2259,kelly<3,https://p16-common-sign.tiktokcdn-eu.com/tos-useast2a-p-0037-euttp/oQb478aZaEEG60VnAVB3iYwIbBBiPiJmYogbI~tplv-tiktokx-origin.image?biz_tag=musically_video.video_cover&dr=1347&idc=no1a&item=7649057888572411168&ps=933b5bde&refresh_token=073a045a&s=SEARCH&sc=cover&shcp=c1333099&shp=d05b14bd&t=bacd0480&x-expires=1782723600&x-signature=4fZZCROCBzqEkT9kJTx2GpFX70M%3D,https://www.tiktok.com/@kellyisdancing/video/7649057888572411168,2026-06-09,this is so much fun to dance to😭 #bambole #viral #dancetrend #trendingdance,1722453,18932,13,TikTok search: viral dance,https://www.tikwm.com/api/feed/search?keywords=viral+dance&count=30
TikTok,164616,527,𝖓𝖊𝖘𝖘🇧🇷 • IG:@08.ness,https://p16-common-sign.tiktokcdn-eu.com/tos-useast2a-p-0037-euttp/og1E4Inmny1ABi7Ba7iIAiECIBQBBoJz7IfM7W~tplv-tiktokx-origin.image?biz_tag=musically_video.video_cover&dr=1347&idc=no1a&item=7649088026018303265&ps=933b5bde&refresh_token=067f328d&s=SEARCH&sc=cover&shcp=c1333099&shp=d05b14bd&t=bacd0480&x-expires=1782723600&x-signature=tucjL0%2F4DCa652VvYxo566MnB24%3D,https://www.tiktok.com/@08_ness/video/7649088026018303265,2026-06-09,LET ME DRIVE #DANCE #mario #trend #viral #foryou @m.a.r.i.kaa,2047534,6777,8,TikTok search: viral dance,https://www.tikwm.com/api/feed/search?keywords=viral+dance&count=30
Instagram Reels,45278,82,theojunior,https:\/\/scontent-lax3-2.cdninstagram.com\/v\/t51.71878-15\/706237129_1782263849854971_1265613226660289652_n.jpg?stp=dst-jpegr_e15_tt6&_nc_cat=107&ig_cache_key=MzkwNTU0NDYxNDUzMjczNDUzNQ\\u00253D\\u00253D.3-ccb7-5&ccb=7-5&_nc_sid=58cdad&efg=eyJ2ZW5jb2RlX3RhZyI6IkNMSVBTLnhwaWRzLjY0MC5oZHIudmlkZW9fbmZyYW1lX2NvdmVyX2ZyYW1lLkMzIn0\\u00253D&_nc_ohc=6iKCIPq6cBQQ7kNvwFo5JnV&_nc_oc=AdqBQ-0KHk6PTzxZJKhrjddoRY0TUz_TwtcuU35thmMyOaNGTvTA7IUj1wY8-oCt9WQ&_nc_zt=23&se=-1&_nc_ht=scontent-lax3-2.cdninstagram.com&_nc_gid=za5MmgL-yv0Kawp3zy3h8Q&_nc_ss=7260f&oh=00_Af-tHtyPaM9ex83BMG3WiRcGkdNWpDDVDNWILVO9sCVfOQ&oe=6A46B486,https://www.instagram.com/reel/DYzSCJrqd5H/,,nahh we too lit \ud83d\ude2d\ud83d\udd25 #explorepage #viral #kakalika #dance #2026,203296,,39,Instagram trend-page embed metadata; publish date unavailable on public embed,manual Instagram dance search result
Instagram Reels,23617,230,jasmin.arndtt,https:\/\/scontent-lax3-2.cdninstagram.com\/v\/t51.71878-15\/611314834_25844188411868743_2900275743537360316_n.jpg?stp=dst-jpg_e15_tt6&_nc_cat=111&ig_cache_key=MzgwMzI3MDYzMDEyOTkxODI4Mw\\u00253D\\u00253D.3-ccb7-5&ccb=7-5&_nc_sid=58cdad&efg=eyJ2ZW5jb2RlX3RhZyI6IkNMSVBTLnhwaWRzLjY0MC5zZHIudmlkZW9fbmZyYW1lX2NvdmVyX2ZyYW1lLkMzIn0\\u00253D&_nc_ohc=44ZHcI90JsgQ7kNvwHCHgJd&_nc_oc=Adpu-YnUfyT-XwJkA-xe7SnSenG5yBgsp6HbTfBKDDzMTTMxusmZD4_J8XG3HWHoO34&_nc_zt=23&_nc_ht=scontent-lax3-2.cdninstagram.com&_nc_gid=swRfJVjuf2LB3S_R4z4KnA&_nc_ss=7260f&oh=00_Af9dNsuSb9QLQLV0jcaYvzbPZJMAyjZcC8va9_K1LILQKQ&oe=6A46B216,https://www.instagram.com/reel/DTH7nzNkeFL/,,2026 ENERGY! \ud83e\udd2d\n\n#dance #trend #viral,776538,,14,Instagram trend-page embed metadata; publish date unavailable on public embed,manual Instagram dance search result
Instagram Reels,16297,624,hyperskidsafrica,https:\/\/scontent-lax7-1.cdninstagram.com\/v\/t51.71878-15\/670559659_1844587416227276_7083663658528592968_n.jpg?stp=dst-jpegr_e15_tt6&_nc_cat=101&ig_cache_key=Mzg3NDUyOTQzNzg1MzQ4Mjg3Ng\\u00253D\\u00253D.3-ccb7-5&ccb=7-5&_nc_sid=58cdad&efg=eyJ2ZW5jb2RlX3RhZyI6IkNMSVBTLnhwaWRzLjY0MC5oZHIudmlkZW9fbmZyYW1lX2NvdmVyX2ZyYW1lLkMzIn0\\u00253D&_nc_ohc=GMn4KiqEagMQ7kNvwELqTOr&_nc_oc=AdqAoPpKt-1pz-pH8iBSxJuVZThe5N0PcyD_zRY5UKBZFuwIQ3j_DgHb1VBlAGv-sWk&_nc_zt=23&se=-1&_nc_ht=scontent-lax7-1.cdninstagram.com&_nc_gid=PQwFBconZ3_KkJgHtwo6Cw&_nc_ss=7260f&oh=00_Af__lKC9P0dT4tpIa8EyrJzPOfNDHaNyjRIdCystHad1-w&oe=6A46AA11,https://www.instagram.com/reel/DXFF_7fDP98/,,Let\u2019s have fun \ud83e\udd29 with \u0040lilbieber performance 2026\u2026.\n\n#instagram #reels #explorepage #dance #share,124128,,94,Instagram trend-page embed metadata; publish date unavailable on public embed,manual Instagram dance search result
Instagram Reels,20248,99,skullygodd,https:\/\/scontent-lax3-1.cdninstagram.com\/v\/t51.82787-15\/698347652_18360876439230924_8277875635135432814_n.jpg?stp=dst-jpg_e15_tt6&_nc_cat=108&ig_cache_key=Mzg5NzMyNjUxMjY0OTg5NDI1NTE4MzYwODc2NDMzMjMwOTI0.3-ccb7-5&ccb=7-5&_nc_sid=58cdad&efg=eyJ2ZW5jb2RlX3RhZyI6IkNMSVBTLnhwaWRzLjEyMTcuc2RyLnZpZGVvX2RlZmF1bHRfY292ZXJfZnJhbWUuQzMifQ\\u00253D\\u00253D&_nc_ohc=KaW2FgxQ--UQ7kNvwFjw-cq&_nc_oc=AdraZaDWE8_Kz4qmm6dkW6rihqrHLffmmf_0CAWJ9bklUF1e09Y6Z1OfP7fxiftIabA&_nc_zt=23&_nc_ht=scontent-lax3-1.cdninstagram.com&_nc_gid=QbIT-sfJoh38kl01_WMLUQ&_nc_ss=7260f&oh=00_Af-yWIn39WSoyG-rPO1juhvIUUMSM_3LoUfO5HUzcKDhyw&oe=6A46D682,https://www.instagram.com/reel/DYWFdB4NXlv/,,Part 2: Doing 2010 dances in 2026 \ud83d\ude43,82477,,40,Instagram trend-page embed metadata; publish date unavailable on public embed,manual Instagram dance search result
YouTube Shorts,7786,78,Brat TV,https://i.ytimg.com/vi/6FjV5aSP99o/sd2.jpg?sqp=-oaymwEoCIAFEOAD8quKqQMcGADwAQH4AbYIgAKAD4oCDAgAEAEYRiAhKH8wDw==&rs=AOn4CLCSxF_d3c75uKJlsitNLnbBcUUzkg,https://www.youtube.com/shorts/6FjV5aSP99o,2026-05-01,"Walk In, Walk Out 💥 VIRAL 2026 DANCE w/ Gia, Kaido, Clements #Shorts #Viral #Trending #fypシ #Dance",444513,,15,YouTube search: Known Shorts sample: Walk In Walk Out,https://www.youtube.com/shorts/6FjV5aSP99o
Instagram Reels,5045,198,yerekesheva_akmaral,https:\/\/scontent-lax3-1.cdninstagram.com\/v\/t51.71878-15\/640010867_778660958653651_5035429739823752054_n.jpg?stp=dst-jpg_e15_tt6&_nc_cat=108&ig_cache_key=Mzg0NDU1MDkyNDM4Nzc3Mjk5MA\\u00253D\\u00253D.3-ccb7-5&ccb=7-5&_nc_sid=58cdad&efg=eyJ2ZW5jb2RlX3RhZyI6IkNMSVBTLnhwaWRzLjY0MC5zZHIudmlkZW9fbmZyYW1lX2NvdmVyX2ZyYW1lLkMzIn0\\u00253D&_nc_ohc=o3P5HSHPVboQ7kNvwHEFlXk&_nc_oc=Ado27GiWH4bWhuk4hQ53nWzP8AwSBqUpV0mQogTgZGCFgTWNEsLwkoYhxiO5Q6wlKaw&_nc_zt=23&_nc_ht=scontent-lax3-1.cdninstagram.com&_nc_gid=BypiLd3s041GhOxxvrp4LQ&_nc_ss=7260f&oh=00_Af-5vt0FnN12IaYjh4PwiekhusLKgKnIt0DeCO27uYn4aA&oe=6A46D53B,https://www.instagram.com/reel/DValrJJCGo-/,,Dance mood \ud83e\udea9 | 2026\n\n#trend #dance #reels #fyp #repost,38535,,20,Instagram trend-page embed metadata; publish date unavailable on public embed,manual Instagram dance search result
Instagram Reels,5837,47,esenya_miss,https:\/\/scontent-lax3-1.cdninstagram.com\/v\/t51.71878-15\/609174757_898479936075840_1179951383861125313_n.jpg?stp=dst-jpg_e15_tt6&_nc_cat=108&ig_cache_key=MzgwMDY5MjQwOTQxMTYzODAzMw\\u00253D\\u00253D.3-ccb7-5&ccb=7-5&_nc_sid=58cdad&efg=eyJ2ZW5jb2RlX3RhZyI6IkNMSVBTLnhwaWRzLjY0MC5zZHIudmlkZW9fZGVmYXVsdF9jb3Zlcl9mcmFtZS5DMyJ9&_nc_ohc=Vh_r0JWCK0UQ7kNvwGhQDdm&_nc_oc=AdrW9thtvRNq2EHCpxJCgDw_hXk2DaY1XITHjodgofOzjo-A3h44ZxMwX482Z55L2Sw&_nc_zt=23&_nc_ht=scontent-lax3-1.cdninstagram.com&_nc_gid=iud-SzqwEqNjcBbV4cuK9Q&_nc_ss=7260f&oh=00_Af81xkGOKNWWoG55X-xOAqyuDuQAFcLvKUErrN3SKO7ycw&oe=6A46A574,https://www.instagram.com/reel/DS-xZwDgRMR/,,Good 2026 morning! \nLet\u2019s make first day of 2026 strong ! \nThanks for this amazing video \u0040david.sharkcookie \n#fyp\u30b7 #viral #dance #trending #reels #viralvideos #shorts #viralvideos #fblifestyle #instagram \u0040instagram \u0040youtube \u0040facebook \u0040tiktok #reels,104156,,8,Instagram trend-page embed metadata; publish date unavailable on public embed,manual Instagram dance search result
Instagram Reels,4977,73,official_lhorray,https:\/\/scontent-lax3-2.cdninstagram.com\/v\/t51.71878-15\/611632263_1313435147216922_448056473052545476_n.jpg?stp=dst-jpg_e15_tt6&_nc_cat=107&ig_cache_key=MzgwNDI5ODc2Nzc5NzcxNjM5MQ\\u00253D\\u00253D.3-ccb7-5&ccb=7-5&_nc_sid=58cdad&efg=eyJ2ZW5jb2RlX3RhZyI6IkNMSVBTLnhwaWRzLjY0MC5zZHIudmlkZW9fZGVmYXVsdF9jb3Zlcl9mcmFtZS5DMyJ9&_nc_ohc=J8tAGAzFFGQQ7kNvwEuEe_C&_nc_oc=Adoce0S8J_2Q_rLO2rh_MQbPrgkDmXzh6P6bnokPbEu3l_uDp1z28leD13zLVb7KZ_c&_nc_zt=23&_nc_ht=scontent-lax3-2.cdninstagram.com&_nc_gid=zgR-ESxf0pyXbnmisb9PAw&_nc_ss=7260f&oh=00_Af_SX1mfHN36dtApEEjnP8kyqep9WCB9JnES4l1_ZwEB3A&oe=6A46A583,https://www.instagram.com/reel/DTLlZLCCgWn/,,New dance challenge 2026\u270c\ufe0f. Can\u2019t wait to see your videos coming through w\/ \u0040Calvinperbitiktok \u0040mr.ouuaa Dc: myself \ud83e\udd29 #2026 #trend #amapiano #content #challenge,34884,,45,Instagram trend-page embed metadata; publish date unavailable on public embed,manual Instagram dance search result
YouTube Shorts,4961,55,Brat TV,https://i.ytimg.com/vi/gqMUa4fiLRA/maxresdefault.jpg,https://www.youtube.com/shorts/gqMUa4fiLRA,2026-05-27,Poor Kaido 🤣 GOIN’ UP DANCE 2026 #Shorts #Trending #Viral #Dance #fypシ Gia Clements Twins & more,482127,,11,YouTube search: Known Shorts sample: GOIN' UP Dance,https://www.youtube.com/shorts/gqMUa4fiLRA
Instagram Reels,4853,32,tianneking,https:\/\/scontent-lax3-2.cdninstagram.com\/v\/t51.71878-15\/609177199_1440663041399901_122188438868758019_n.jpg?stp=dst-jpg_e15_tt6&_nc_cat=106&ig_cache_key=MzgwMDg4MzkyNTM0Mjg2NjA3NA\\u00253D\\u00253D.3-ccb7-5&ccb=7-5&_nc_sid=58cdad&efg=eyJ2ZW5jb2RlX3RhZyI6IkNMSVBTLnhwaWRzLjY0MC5zZHIudmlkZW9fbmZyYW1lX2NvdmVyX2ZyYW1lLkMzIn0\\u00253D&_nc_ohc=Xfgg3ktaSvMQ7kNvwG2fTmb&_nc_oc=AdrbW-2OnKGQ4GpOq8_rr1awMSTwUzQtdxnw4bX9eOIOBkNhgPZOLXqefFJm5aGENPQ&_nc_zt=23&_nc_ht=scontent-lax3-2.cdninstagram.com&_nc_gid=umaXfY7yoSew7ismNf96Ig&_nc_ss=7260f&oh=00_Af9SqXxa4P1D4hSw_6Qf8eOUXuyx5Rf3J6Fro7IAP2ljWw&oe=6A46AEDA,https://www.instagram.com/reel/DS_c8rKjcqa/,,Hi 2026 \u2728\ud83e\udd2d #dance,39664,,12,Instagram trend-page embed metadata; publish date unavailable on public embed,manual Instagram dance search result
Instagram Reels,3146,105,itstriplecharm,https:\/\/scontent-lax7-1.cdninstagram.com\/v\/t51.71878-15\/619821390_881590734457067_4825940580956685309_n.jpg?stp=dst-jpg_e15_tt6&_nc_cat=101&ig_cache_key=MzgxNDMyNzE5MzExMjI2MDg0NQ\\u00253D\\u00253D.3-ccb7-5&ccb=7-5&_nc_sid=58cdad&efg=eyJ2ZW5jb2RlX3RhZyI6IkNMSVBTLnhwaWRzLjY0MC5zZHIudmlkZW9fbmZyYW1lX2NvdmVyX2ZyYW1lLkMzIn0\\u00253D&_nc_ohc=p7Esac5W4pEQ7kNvwF7UxwK&_nc_oc=AdpxXgSISRuW1cuA0NX3H-tJIjvNUK9x_fZJRF5I1RwD_Ru6loZt4zjn8o2SVxRDlYM&_nc_zt=23&_nc_ht=scontent-lax7-1.cdninstagram.com&_nc_gid=dDBFu2LSWXhY8rahC4mGXA&_nc_ss=7260f&oh=00_Af89HWfDRvlbL8lDZmbfovnxMzSVKbFRrAAT7H6uRglW8w&oe=6A46A9FE,https://www.instagram.com/reel/DTvNl96kbDt/,,Word on the street 2026 is the new 2016 \ud83e\udd2a\ud83d\udd25\ud83d\ude06 #reels #dance #viral #2016 #explorepage,60658,,16,Instagram trend-page embed metadata; publish date unavailable on public embed,manual Instagram dance search result
Instagram Reels,2934,112,kyladcarter,https:\/\/scontent-lax3-1.cdninstagram.com\/v\/t51.82787-15\/610933318_18548026315038819_5388571718777547084_n.jpg?stp=dst-jpg_e15_tt6&_nc_cat=110&ig_cache_key=MzgwMzU5NTI0NDYyMjE4NDY4MDE4NTQ4MDI2MzEyMDM4ODE5.3-ccb7-5&ccb=7-5&_nc_sid=58cdad&efg=eyJ2ZW5jb2RlX3RhZyI6IkNMSVBTLnhwaWRzLjEyODQuc2RyLnZpZGVvX2RlZmF1bHRfY292ZXJfZnJhbWUuQzMifQ\\u00253D\\u00253D&_nc_ohc=CpxMxEO37h0Q7kNvwFP_gLr&_nc_oc=AdqW6bOhiGtawY9OY_97O7n0Z_2-RmDrmvLU_U1j0aoVBj38nX-pKbU8wmpsAytDl2g&_nc_zt=23&_nc_ht=scontent-lax3-1.cdninstagram.com&_nc_gid=cpOyAknGYx9O1bRXiP1JNg&_nc_ss=7260f&oh=00_Af_e3nZer1MIbqjtr09ezNvX1JRaQxpNvL5oIhlo1iJI6Q&oe=6A46C8A6,https://www.instagram.com/reel/DTJFbkBEgDo/,,Dance Reel | 2025-2026 | Choreography \u0040martinezmovement \u0040tiffanie_carson \n\n#shenandoahconservatory #dancereel #bfa #musicaltheater #kylacarter,1419,,114,Instagram trend-page embed metadata; publish date unavailable on public embed,manual Instagram dance search result
Instagram Reels,2745,54,uwdanceteam,https:\/\/scontent-lax7-1.cdninstagram.com\/v\/t51.82787-15\/619076082_18553705651000220_484761171218070490_n.jpg?stp=dst-jpg_e15_tt6&_nc_cat=105&ig_cache_key=MzgxMzEwNzk3NzU5MDc2OTI1OTE4NTUzNzA1NjQ4MDAwMjIw.3-ccb7-5&ccb=7-5&_nc_sid=58cdad&_nc_aid=0&efg=eyJ2ZW5jb2RlX3RhZyI6IkNMSVBTLnhwaWRzLjcyMC5zZHIudmlkZW9fZGVmYXVsdF9jb3Zlcl9mcmFtZS5DMyJ9&_nc_ohc=qbYKRrLfBYAQ7kNvwGOqUWg&_nc_oc=Ado6rvo4uk1nK2GYUXDMEue_pMq19GB1f_e2TAzFzJN3MypSJpiyiKETn1Srijh2zuw&_nc_zt=23&_nc_ht=scontent-lax7-1.cdninstagram.com&_nc_gid=7XL2J5WscWi2CzMiX0ZdyA&_nc_ss=7260f&oh=00_Af8WC8ANv_mPsN7IpKHlyYGVGw-HlA3R107_b05UT7kdTA&oe=6A46A895,https://www.instagram.com/reel/DTq4YC-gYZr/,,2026 D1A JAZZ\ud83d\udd25\n\nChoreography: \u0040emotion.choreo\nAssistant: \u0040emilymcfarland_ \nCoaches: \u0040josettejaucian \u0040tututay92 \nSong: Say You Love Me by Jessie Ware\nCostume: \u0040ladancedesigns,18254,,154,Instagram trend-page embed metadata; publish date unavailable on public embed,manual Instagram dance search result
Instagram Reels,1128,4,unlxmited_official,https:\/\/scontent-lax3-1.cdninstagram.com\/v\/t51.82787-15\/719490978_18083442680544421_4706523297575832455_n.jpg?stp=dst-jpg_e15_tt6&_nc_cat=102&ig_cache_key=MzkxNTE3MjQ5MDk4MDQyNDI5MjE4MDgzNDQyNjc3NTQ0NDIx.3-ccb7-5&ccb=7-5&_nc_sid=58cdad&efg=eyJ2ZW5jb2RlX3RhZyI6IkNMSVBTLnhwaWRzLjcyMC5zZHIudmlkZW9fZGVmYXVsdF9jb3Zlcl9mcmFtZS5DMyJ9&_nc_ohc=hnGMsoF8wPwQ7kNvwEWJAQN&_nc_oc=AdpQvsa5R6s__acOlxb9GVa2YaVJYT9p-3ZDo_PJj-0ZCACja211TkJow20oMWfUZgs&_nc_zt=23&_nc_ht=scontent-lax3-1.cdninstagram.com&_nc_gid=0A-LdRkuJeudINLMUNvXJw&_nc_ss=7260f&oh=00_Af-2dgF7XOGlzMviu5PWwlMDH1Idw6wObeyzaY72DCPMvQ&oe=6A46D136,https://www.instagram.com/reel/DZVfKMXRPpk/,,award for the best dance challenge 2026 goes to james\n-\n#redred #kpopdancecover #cortis #kpopinpublic #dancecrew \u0040cortis,6141,,16,Instagram trend-page embed metadata; publish date unavailable on public embed,manual Instagram dance search result
Instagram Reels,626,21,marvin_uganda,https:\/\/scontent-lax3-1.cdninstagram.com\/v\/t51.71878-15\/612532134_1996400051279858_5461225756143982415_n.jpg?stp=dst-jpegr_e15_tt6&_nc_cat=108&ig_cache_key=MzgwNjMxMDA2MzExNjMxMTE5Ng\\u00253D\\u00253D.3-ccb7-5&ccb=7-5&_nc_sid=58cdad&efg=eyJ2ZW5jb2RlX3RhZyI6IkNMSVBTLnhwaWRzLjY0MC5oZHIudmlkZW9fbmZyYW1lX2NvdmVyX2ZyYW1lLkMzIn0\\u00253D&_nc_ohc=Rpo7oEalrYMQ7kNvwGNFFn3&_nc_oc=AdrMfMr4T9cd5shX9FpgQpo1SyIDzqZeyMGQAC9yc07q7cWLz7AMjqOf4eLe6PqE7qU&_nc_zt=23&se=-1&_nc_ht=scontent-lax3-1.cdninstagram.com&_nc_gid=FriQjdvUoit3PR21nOSRGw&_nc_ss=7260f&oh=00_Af8V9nqJHNNTk0lSku2k7sghrgiclyjH-RtWlEmamyxCGw&oe=6A46A65A,https://www.instagram.com/reel/DTSutXxCtqc/,,How we are walking into 2026 \ud83d\udc83\ud83d\udd7a\ud83e\udd29\u2026. \n\n#instagram #reels #trendingreels #explorepage #dance,6765,,45,Instagram trend-page embed metadata; publish date unavailable on public embed,manual Instagram dance search result
Instagram Reels,735,3,sushmita_godge,https:\/\/scontent-lax3-2.cdninstagram.com\/v\/t51.71878-15\/610609734_1535363104243804_2206456147643929063_n.jpg?stp=dst-jpg_e15_tt6&_nc_cat=106&ig_cache_key=MzgwMDk4ODAyNzcyNDA2NzUzOA\\u00253D\\u00253D.3-ccb7-5&ccb=7-5&_nc_sid=58cdad&efg=eyJ2ZW5jb2RlX3RhZyI6IkNMSVBTLnhwaWRzLjY0MC5zZHIudmlkZW9fbmZyYW1lX2NvdmVyX2ZyYW1lLkMzIn0\\u00253D&_nc_ohc=28haXSEBllEQ7kNvwFeDG8C&_nc_oc=Adqe_F8QXH3OUzgH7e6iV6JhFPAJF63UywwjOderdinZc9Zuj1Fx6D0E00TY0HQNBGk&_nc_zt=23&_nc_ht=scontent-lax3-2.cdninstagram.com&_nc_gid=mx5YKgZiBdDD5FObGNbwpQ&_nc_ss=7260f&oh=00_Af9vKeJLPp1KtEpwtFGxm4MvKlRo-HRaLSmTZd1LrWzU5g&oe=6A46C666,https://www.instagram.com/reel/DS_0nkEAXLS/,,first dance video of the 2026 \ud83e\udd70\ud83e\uddff\ud83e\udd40\n.\n#trending #viral #instalike #dancereel #trendingreels,11837,,29,Instagram trend-page embed metadata; publish date unavailable on public embed,manual Instagram dance search result
YouTube Shorts,458,27,tejudance,https://i.ytimg.com/vi/-ZzYGnSXzQA/maxresdefault.jpg,https://www.youtube.com/shorts/-ZzYGnSXzQA,2026-02-07,No Hands Dance Tutorial step by step explanation + mirrored| dc: rivernovin TikTok Dance Challenge,42903,,501,YouTube search: Known YouTube reference: No Hands tutorial,https://www.youtube.com/watch?v=-ZzYGnSXzQA
YouTube Shorts,14,0,Nyonya Oleng ,https://i.ytimg.com/vi/eLCfeyekCt0/sd2.jpg?sqp=-oaymwEoCIAFEOAD8quKqQMcGADwAQH4Ab4EgAKACIoCDAgAEAEYZSBdKFQwDw==&rs=AOn4CLA70XslIJHYNgVxcDZK8t1SUTw1bQ,https://www.youtube.com/shorts/eLCfeyekCt0,2026-06-23,🚨 Beautiful lie x Macarena Tiktok Dance June 2026 #tiktokmashup2026 #viraltiktoktrend #tiktokvideo,2566,,12,YouTube search: Known Shorts sample: Beautiful Lie x Macarena,https://www.youtube.com/shorts/eLCfeyekCt0
TikTok,3787835,6551,Mary,https://p16-common-sign.tiktokcdn-eu.com/tos-no1a-p-0037-no/ogExnXREQFAfHQBtUpvgCi5mkBFxVfNDvD7Myg~tplv-tiktokx-origin.image?biz_tag=musically_video.video_cover&dr=1347&idc=no1a&ps=933b5bde&refresh_token=9ba2cb8b&s=SEARCH&sc=cover&shcp=c1333099&shp=d05b14bd&t=bacd0480&x-expires=1782727200&x-signature=raqFm4FNk2sBI4ruCdi5zYgu7sE%3D,https://www.tiktok.com/@mary.g0.round/video/7581524587050044694,2025-12-09,SOMEONE FIND HER TIKTOK 😭😭🙏‼️ #kpop #kpoprandomdancechallenge #kpoprandomplaydance #yeonjun #katseyedaniela,27344119,45717,29,TikTok search: kpop dance challenge; one-year window,https://www.tikwm.com/api/feed/search?keywords=kpop+dance+challenge&count=30
TikTok,2885910,6289,Moca_e_Sousa,https://p16-common-sign.tiktokcdn-eu.com/tos-useast2a-p-0037-euttp/owaL3GeIag3fSTwMpgDEjMAbi6gNLiIoGSW1Uf~tplv-tiktokx-origin.image?biz_tag=musically_video.video_cover&dr=1347&idc=no1a&item=7597477862643485984&ps=933b5bde&refresh_token=8f47fcf1&s=SEARCH&sc=cover&shcp=c1333099&shp=d05b14bd&t=bacd0480&x-expires=1782727200&x-signature=klca7e6JmEO89hRL%2Bdj0pwH1Hmg%3D,https://www.tiktok.com/@moca_e_sousa/video/7597477862643485984,2026-01-21,Para quem disse que não sabemos mais nenhuma ent pega essa!!!😜#passinhodojamal🇧🇷 #passinhdojamal #fyp,47594796,186110,11,TikTok search: passinho do jamal dance; one-year window,https://www.tikwm.com/api/feed/search?keywords=passinho+do+jamal+dance&count=30
TikTok,2310813,6094,🧸,https://p16-common-sign.tiktokcdn-eu.com/tos-alisg-p-0037/o0jUAy9IP0VExIRiFlwoEYB5AEiBcyCvGaJ0h~tplv-tiktokx-origin.image?biz_tag=musically_video.video_cover&dr=1347&idc=no1a&ps=933b5bde&refresh_token=23a71c11&s=SEARCH&sc=cover&shcp=c1333099&shp=d05b14bd&t=bacd0480&x-expires=1782727200&x-signature=QyKodXToYUPlhm7ipwAi3hSewRc%3D,https://www.tiktok.com/@luvzxgn/video/7652257056157617415,2026-06-17,#brazil🇧🇷 #braziliandance #classmates #dancetrend,13019438,123586,15,TikTok search: brazil dance trend; one-year window,https://www.tikwm.com/api/feed/search?keywords=brazil+dance+trend&count=30
TikTok,2123784,6167,offmaskcrew,https://p16-common-sign.tiktokcdn-eu.com/tos-no1a-p-0037-no/oQDCjwGg9HIeGcBv0EfcI0dINw9LQIRfLQAAhD~tplv-tiktokx-origin.image?biz_tag=musically_video.video_cover&dr=1347&idc=no1a&ps=933b5bde&refresh_token=c6d4b863&s=SEARCH&sc=cover&shcp=c1333099&shp=d05b14bd&t=bacd0480&x-expires=1782727200&x-signature=Vj%2BAd%2FSDQ6RV7ZnViGoKi5h16LI%3D,https://www.tiktok.com/@offmaskcrew/video/7564430027706813699,2025-10-23,vai no pal 🤯😛 | dancers: @bębęw @melanie.br @aliya | dc: ? #dance #dancechallenge #dancetrend #dancetrend2025 #trend,87830929,154153,15,TikTok search: tiktok dance 2025; one-year window,https://www.tikwm.com/api/feed/search?keywords=tiktok+dance+2025&count=30
TikTok,1791077,19434,Seth_Juma🤫,https://p16-common-sign.tiktokcdn-eu.com/tos-maliva-p-0068/ea4f7ec1e0ec44ea9bc1889e2e1d284f~tplv-tiktokx-origin.image?biz_tag=musically_video.video_cover&dr=10402&idc=no1a&ps=13740610&refresh_token=35069ce1&shcp=9b759fb9&shp=c1333099&t=4d5b0474&x-expires=1782662400&x-signature=rZQrDBfqKqG3REn9ZsglnWJhnzQ%3D,https://www.tiktok.com/@seth_juma/video/7587065941394050316,2025-12-23,onewith sianekesaiswaisting🥰🥰🥰☺️👌 . #creatorsearchinsights #sethjuma #sia_nekesa #newdancechallenge2025🎶🔥 #nwe_ternding,35394921,40320,12,TikTok search: dance challenge 2025; one-year window,https://www.tikwm.com/api/feed/search?keywords=dance+challenge+2025&count=30
TikTok,1854153,6969,𝐁𝐄𝐍𝐆Ü,https://p16-common-sign.tiktokcdn-eu.com/tos-no1a-p-0037-no/oQaABIICEZBAiHlEAsBqVB9hEoLIAviYypOcA~tplv-tiktokx-origin.image?biz_tag=musically_video.video_cover&dr=1347&idc=no1a&ps=933b5bde&refresh_token=d82f0b6b&s=SEARCH&sc=cover&shcp=c1333099&shp=d05b14bd&t=bacd0480&x-expires=1782727200&x-signature=CIr3NsW66r1XW9B%2BVJ%2FXHRqdwmc%3D,https://www.tiktok.com/@bngylmz/video/7530348908287921410,2025-07-24,The duo you never knew you needed @𝐙𝐀𝐇𝐈𝐃𝐄 🩷 #berlin #fyp #fypシ゚ #fypage #viral #bengü #fürdich #pourtoii #kesfet #parati #pravocê #trending #viralll #goviral #viraltrend #viraldance #bengülunatix #lunatix #lunatixdancebase #zahide #acelerada #braziliandance #dancetrend2025 #dancetrend #viralvideo🔥 #goviralll #tiktokdance2025 #creatorsearchinsights,43705456,66960,15,TikTok search: viral dance 2025; one-year window,https://www.tikwm.com/api/feed/search?keywords=viral+dance+2025&count=30
TikTok,1763553,4550,tonirex,https://p16-common-sign.tiktokcdn-eu.com/tos-alisg-p-0037/fb8c9e5de3d74c94a1a59d95d913d604~tplv-tiktokx-origin.image?biz_tag=musically_video.video_cover&dr=10402&idc=no1a&ps=13740610&refresh_token=220fc79a&shcp=9b759fb9&shp=c1333099&t=4d5b0474&x-expires=1782662400&x-signature=k8XbaGiXZPFvG8i87SP0lR%2BHFCc%3D,https://www.tiktok.com/@tonirexxx/video/7616899530583280917,2026-03-14,#brasil🇧🇷 #brazilliandance #dancetrend2026 #viralvideo,59804544,133483,17,TikTok search: viral dance 2026; one-year window,https://www.tikwm.com/api/feed/search?keywords=viral+dance+2026&count=30
TikTok,1615295,3664,offmaskcrew,https://p16-common-sign.tiktokcdn-eu.com/tos-no1a-p-0037-no/o4iBKBAD08iGtIy5EXBKhr91agIvAYALCgiZ1~tplv-tiktokx-origin.image?biz_tag=musically_video.video_cover&dr=1347&idc=no1a&ps=933b5bde&refresh_token=a0166a6d&s=SEARCH&sc=cover&shcp=c1333099&shp=d05b14bd&t=bacd0480&x-expires=1782727200&x-signature=Ecph4EhPhgG%2BI18%2FMTGbQxhcAmo%3D,https://www.tiktok.com/@offmaskcrew/video/7539167257319066902,2025-08-16,side to side | dancers: @steffi ;) @melanie.br @weni | #arianagrande #dance #dancechallenge #dancetrend #dancetrend2025,28566822,65180,15,TikTok search: dance challenge 2025; one-year window,https://www.tikwm.com/api/feed/search?keywords=dance+challenge+2025&count=30
TikTok,1267610,3118,erkim.nurko,https://p16-common-sign.tiktokcdn-eu.com/tos-alisg-p-0037/oIEEUBemIAUNyUCE7Bkiy5gZTITRg4iupwBEDf~tplv-tiktokx-origin.image?biz_tag=musically_video.video_cover&dr=1347&idc=no1a&ps=933b5bde&refresh_token=44d79e2b&s=SEARCH&sc=cover&shcp=c1333099&shp=d05b14bd&t=bacd0480&x-expires=1782727200&x-signature=v9p24U5PEVfiLKvfJIFzopjsQgo%3D,https://www.tiktok.com/@erkim.nurko/video/7633759961624907029,2026-04-28,Brazil dance tutorial #tutorial #follow #on #trend #brazil,56339566,110903,15,TikTok search: brazil dance trend; one-year window,https://www.tikwm.com/api/feed/search?keywords=brazil+dance+trend&count=30
TikTok,1265366,2206,Koifish_,https://p19-common-sign.tiktokcdn-eu.com/tos-alisg-p-0037/oQa2PARCXIYjwBV7whiaZiICIEm0BFRAa05zu~tplv-tiktokx-origin.image?biz_tag=musically_video.video_cover&dr=1347&idc=no1a&ps=933b5bde&refresh_token=c4004e1c&s=SEARCH&sc=cover&shcp=c1333099&shp=d05b14bd&t=bacd0480&x-expires=1782727200&x-signature=sZqXKFyfAXu7s1BOF3HhIwTa6e4%3D,https://www.tiktok.com/@kiro_22_/video/7653473335615196437,2026-06-20,So cool❤️‍🔥 #dance #trend #arianagrande (dc:@bianca),7724228,59743,13,TikTok search: dance trend; one-year window,https://www.tikwm.com/api/feed/search?keywords=dance+trend&count=30
TikTok,1223787,4237,whiteboypook,https://p16-common-sign.tiktokcdn-eu.com/tos-useast8-p-0068-tx2/ogUR8IIGLQ2gRqfQImpA4fG5LxeEAFBfKQk8Hq~tplv-tiktokx-origin.image?biz_tag=musically_video.video_cover&dr=1347&idc=no1a&ps=933b5bde&refresh_token=52f958c9&s=SEARCH&sc=cover&shcp=c1333099&shp=d05b14bd&t=bacd0480&x-expires=1782727200&x-signature=uAme6tpFmygT062CoebbLZFkNJs%3D,https://www.tiktok.com/@whiteboypook/video/7619149378216840479,2026-03-20,Brazil got the best dances fr 😂#dance #whiteboy #whiteboypook,17481959,142129,12,TikTok search: brazil dance trend; one-year window,https://www.tikwm.com/api/feed/search?keywords=brazil+dance+trend&count=30
TikTok,1004206,6283,Kari Snap,https://p16-common-sign.tiktokcdn-eu.com/tos-alisg-p-0037/oosBZRDpFb46ljr8SReEABcEN4TQQUIfgpcvtE~tplv-tiktokx-origin.image?biz_tag=musically_video.video_cover&dr=1347&idc=no1a&ps=933b5bde&refresh_token=d4cead4f&s=SEARCH&sc=cover&shcp=c1333099&shp=d05b14bd&t=bacd0480&x-expires=1782727200&x-signature=iMC7%2FOleuEIGeUaFRyTlhsxpiA4%3D,https://www.tiktok.com/@kari_snap/video/7608205421320408341,2026-02-18,Result 💕#trendingdance #dancetrend2026 #dancechallenge2026 #newtrend #dancetrend,48952781,24102,15,TikTok search: tiktok dance 2026; one-year window,https://www.tikwm.com/api/feed/search?keywords=tiktok+dance+2026&count=30
TikTok,995370,5540,JALAPEÑOS,https://p16-common-sign.tiktokcdn-eu.com/tos-no1a-p-0037-no/os6IFEFThIDkffEAKTbAfcEGSmIUjDHLI3aBCD~tplv-tiktokx-dmt-logom:tos-no1a-i-0068-no/oAmJDffgEEhkIaChhApgFCdmE1RgAAgoAFAAv6.image?biz_tag=musically_video.video_cover&dr=9230&idc=no1a&ps=933b5bde&refresh_token=626bd391&s=SEARCH&sc=cover&shcp=c1333099&shp=d05b14bd&t=bacd0480&x-expires=1782727200&x-signature=M65VimBprcmpkzm7g8y3JDgAKDw%3D,https://www.tiktok.com/@team.jalapenos/video/7576753995365027094,2025-11-26,why choosing between girl or boy group when you can make both 👀🌶️🔥 @KATSEYE Katseye - Touch Dance Cover #katseye #eyekons #dancecover #touch,7282451,86249,29,TikTok search: katseye touch dance challenge; one-year window,https://www.tikwm.com/api/feed/search?keywords=katseye+touch+dance+challenge&count=30
TikTok,969295,2664,hailey harrison,https://p16-common-sign.tiktokcdn-eu.com/tos-useast8-p-0068-tx2/ooTmiIyEi9ROIQQQVBFqAvJDAUVxsEfrf1MEOz~tplv-tiktokx-origin.image?biz_tag=musically_video.video_cover&dr=1347&idc=no1a&ps=933b5bde&refresh_token=19a73615&s=SEARCH&sc=cover&shcp=c1333099&shp=d05b14bd&t=bacd0480&x-expires=1782727200&x-signature=HU7hPIVV6UvwbTK82h6et69%2Be5M%3D,https://www.tiktok.com/@haiharrison/video/7652564935762922782,2026-06-18,whatchu know about macarena 🕺🏻 #legburner #cjump #bestieboo #macbreak #dance @caymdog,5579518,166980,12,TikTok search: tiktok dance; one-year window,https://www.tikwm.com/api/feed/search?keywords=tiktok+dance&count=30
TikTok,773250,2114,offmaskcrew,https://p16-common-sign.tiktokcdn-eu.com/tos-no1a-p-0037-no/oouBMXPftegoFFA8QKrmR4dDgENEkqFX39vCQy~tplv-tiktokx-origin.image?biz_tag=musically_video.video_cover&dr=1347&idc=no1a&ps=933b5bde&refresh_token=949ee20a&s=SEARCH&sc=cover&shcp=c1333099&shp=d05b14bd&t=bacd0480&x-expires=1782727200&x-signature=x18246LcsAdyshTWeoBO4J74SxM%3D,https://www.tiktok.com/@offmaskcrew/video/7547719281291693334,2025-09-08,🤠🤠| dancers: @aliya @melanie.br @weni | dc: ? #dance #dancechallenge #dancetrend #dancetrend2025 #eutofazendo,22483597,47043,14,TikTok search: viral dance 2025; one-year window,https://www.tikwm.com/api/feed/search?keywords=viral+dance+2025&count=30
TikTok,619985,5263,Kari Snap,https://p16-common-sign.tiktokcdn-eu.com/tos-maliva-p-0068/oU8EpGFzbIDR18AA7QAQfLEmocQWRcVBJAvnfC~tplv-tiktokx-origin.image?biz_tag=musically_video.video_cover&dr=1347&idc=no1a&ps=933b5bde&refresh_token=ef4b3190&s=SEARCH&sc=cover&shcp=c1333099&shp=d05b14bd&t=bacd0480&x-expires=1782727200&x-signature=p%2F9%2FaQL9pv1QHVWUVaytG75%2FZjA%3D,https://www.tiktok.com/@kari_snap/video/7552113188813229323,2025-09-20,New trend? #newtrend #dancechallenge2025 #dancetrend #trendingdance #dancetrend2025,24054361,12878,15,TikTok search: dance challenge 2025; one-year window,https://www.tikwm.com/api/feed/search?keywords=dance+challenge+2025&count=30
TikTok,643616,1402,Dance Fusion,https://p16-common-sign.tiktokcdn-eu.com/tos-no1a-p-0037-no/oceGLKReMRHAzAwcIAAhIeKfQZOvkQAAnWFGAP~tplv-tiktokx-origin.image?biz_tag=musically_video.video_cover&dr=1347&idc=no1a&ps=933b5bde&refresh_token=8a5e30cf&s=SEARCH&sc=cover&shcp=c1333099&shp=d05b14bd&t=bacd0480&x-expires=1782727200&x-signature=eG6NH%2Brzr%2B3WDLY5a8vlJ7qF4nc%3D,https://www.tiktok.com/@kpop.dancefusion/video/7570044517135420674,2025-11-08,🎶 Katseye - Touch RPD fancam from @MegaCon Live Farnborough. Featuring: @SleepiLizz #kpop #megaconfarnborough #fyp #katseye #touch,19714520,28337,33,TikTok search: katseye touch dance challenge; one-year window,https://www.tikwm.com/api/feed/search?keywords=katseye+touch+dance+challenge&count=30
TikTok,517965,5103,Dance Fitness with An Lê,https://p16-common-sign.tiktokcdn-eu.com/tos-alisg-p-0037/ocLcDPEsBAd0itVCe6iMRaIYvAuIUrKwyKIRiA~tplv-tiktokx-origin.image?biz_tag=musically_video.video_cover&dr=1347&idc=no1a&ps=933b5bde&refresh_token=9fd1d9e5&s=SEARCH&sc=cover&shcp=c1333099&shp=d05b14bd&t=bacd0480&x-expires=1782727200&x-signature=NuqAOk134vYqTRrnrkMIQmBkM1s%3D,https://www.tiktok.com/@dancefitnesswithanle/video/7600441719162768660,2026-01-30,Easy Move Tutorial Dance Viral #dancefitnesswithanle #dancetutorial #bestshuffle #shuffledance,17127844,120311,24,TikTok search: shuffle dance challenge; one-year window,https://www.tikwm.com/api/feed/search?keywords=shuffle+dance+challenge&count=30
TikTok,484884,855,sexiestmfuser,https://p16-common-sign.tiktokcdn-eu.com/tos-useast8-p-0068-tx2/o8nC9oiBMIBWUyDAUDuAfOiU1MIuIO1iqJujaA~tplv-tiktokx-origin.image?biz_tag=musically_video.video_cover&dr=1347&idc=no1a&ps=933b5bde&refresh_token=5ded9c72&s=SEARCH&sc=cover&shcp=c1333099&shp=d05b14bd&t=bacd0480&x-expires=1782727200&x-signature=QuzMASA7w2ErpSw2nEAzeJVzZlU%3D,https://www.tiktok.com/@sexiestmfuser/video/7641600031694392606,2026-05-19,Deep sea diverrrr #fyp #dance #3persondance #viraldance #deepseadivers @Its_khya @ksecretlife5,5425669,27690,22,TikTok search: viral dance; one-year window,https://www.tikwm.com/api/feed/search?keywords=viral+dance&count=30
TikTok,430158,1015,kelly<3,https://p16-common-sign.tiktokcdn-eu.com/tos-no1a-p-0037-no/oAyB5ogbi8mBIUiw0myATxmf9K0IAUCkkICAnR~tplv-tiktokx-origin.image?biz_tag=musically_video.video_cover&dr=1347&idc=no1a&ps=933b5bde&refresh_token=cd950071&s=SEARCH&sc=cover&shcp=c1333099&shp=d05b14bd&t=bacd0480&x-expires=1782727200&x-signature=Bblii0bt%2BiTlRL071%2FKzaPIuM1E%3D,https://www.tiktok.com/@kellyisdancing/video/7576397356959108374,2025-11-25,finally did this with @miirelaisdancing dc:@Jaya Cody #fyp #duodance #dancetrend2025 #bodygo #trendingdance,5399108,24751,15,TikTok search: dance trend 2025; one-year window,https://www.tikwm.com/api/feed/search?keywords=dance+trend+2025&count=30
TikTok,419979,1456,nouvaee,https://p16-common-sign.tiktokcdn-eu.com/tos-useast2a-p-0037-euttp/oUxCIGALfQqO5jIgqqIWIJQJf0kjGepDMuNSiY~tplv-tiktokx-origin.image?biz_tag=musically_video.video_cover&dr=1347&idc=no1a&item=7578512925854321953&ps=933b5bde&refresh_token=df120bca&s=SEARCH&sc=cover&shcp=c1333099&shp=d05b14bd&t=bacd0480&x-expires=1782727200&x-signature=QXCDgqPtUy7ivtLfBulbdeQfzN0%3D,https://www.tiktok.com/@nouvaee/video/7578512925854321953,2025-11-30,nj never d1e. #newjeansdance #dancechallenge #trend2025 #danceduo #kpop,4071215,7522,15,TikTok search: kpop dance challenge 2025; one-year window,https://www.tikwm.com/api/feed/search?keywords=kpop+dance+challenge+2025&count=30
TikTok,361162,933,Lauren Kim,https://p16-common-sign.tiktokcdn-eu.com/tos-useast8-p-0068-tx2/oQxEjIgEG7qACYONfoEDBFBERE1DNAdVJIf038~tplv-tiktokx-origin.image?biz_tag=musically_video.video_cover&dr=1347&idc=no1a&ps=933b5bde&refresh_token=e038e4bc&s=SEARCH&sc=cover&shcp=c1333099&shp=d05b14bd&t=bacd0480&x-expires=1782727200&x-signature=uRk7ZKu6nOUCPbP7jzAje6fKtrY%3D,https://www.tiktok.com/@laurenkkim0/video/7639854586278333726,2026-05-15,watching the movie today so had to hit this🕺 #dancetrend #dance #michaeljackson #dancing #duo,12936251,27367,20,TikTok search: trending dance; one-year window,https://www.tikwm.com/api/feed/search?keywords=trending+dance&count=30
TikTok,347952,1402,l u a❣️,https://p16-common-sign.tiktokcdn-eu.com/tos-no1a-p-0037-no/oUA1t0ufI0iRASC1B5BbVaiZAW8jwAzEdmLAIC~tplv-tiktokx-origin.image?biz_tag=musically_video.video_cover&dr=1347&idc=no1a&ps=933b5bde&refresh_token=153799f8&s=SEARCH&sc=cover&shcp=c1333099&shp=d05b14bd&t=bacd0480&x-expires=1782727200&x-signature=2t%2BYt68kIFwJZDxFkTx0864cAbI%3D,https://www.tiktok.com/@lua_elisabeth3/video/7573697108402801942,2025-11-17,Miv🤞 @Philippa B.W♥️ #dance #dancetrend2025 #pokerface #lua #tiktokdance,14323362,20698,11,TikTok search: dance trend 2025; one-year window,https://www.tikwm.com/api/feed/search?keywords=dance+trend+2025&count=30
TikTok,336213,2176,𝔾𝕒𝕓𝕣𝕚𝕖𝕝𝕒,https://p16-common-sign.tiktokcdn-eu.com/tos-alisg-p-0037/oIAfexEejSIVAoDbE4GcFsLSAZDOAAnE3glAII~tplv-tiktokx-origin.image?biz_tag=musically_video.video_cover&dr=1347&idc=no1a&ps=933b5bde&refresh_token=ed6060d7&s=SEARCH&sc=cover&shcp=c1333099&shp=d05b14bd&t=bacd0480&x-expires=1782727200&x-signature=ksFCyaofwbpqoXyN8BEduE8kyZs%3D,https://www.tiktok.com/@an_gh0sth3r/video/7574093141142277394,2025-11-18,#trend #nwj #phonk #drip #dance // newjeans trend 2025 /@Flxrencia💤 @𝔾𝕒𝕓𝕣𝕚𝕖𝕝𝕒 ✰,8561714,16265,12,TikTok search: dance trend 2025; one-year window,https://www.tikwm.com/api/feed/search?keywords=dance+trend+2025&count=30
TikTok,303096,1118,karina,https://p16-common-sign.tiktokcdn-eu.com/tos-useast5-p-0068-tx/oIHZkAwRVqDPnEISISFfICAPRsJwfeIGjZDkIH~tplv-tiktokx-origin.image?biz_tag=musically_video.video_cover&dr=1347&idc=no1a&ps=933b5bde&refresh_token=a1b37389&s=SEARCH&sc=cover&shcp=c1333099&shp=d05b14bd&t=bacd0480&x-expires=1782727200&x-signature=743pmIwtVkonT2w0rgnXwbUWsHs%3D,https://www.tiktok.com/@kk.arina__/video/7576375509022559501,2025-11-25,@luv_444.kenn #2025tiktokdances #goviral #trending #fyp #dancetrends,10766167,18221,10,TikTok search: viral dance 2025; one-year window,https://www.tikwm.com/api/feed/search?keywords=viral+dance+2025&count=30
TikTok,296848,1067,drea,https://p16-common-sign.tiktokcdn-eu.com/tos-useast8-p-0068-tx2/oUIUGvDE4YFIYwX8UgnibiKFojBalgAIBRqZL~tplv-tiktokx-origin.image?biz_tag=musically_video.video_cover&dr=1347&idc=no1a&ps=933b5bde&refresh_token=3fe254f4&s=SEARCH&sc=cover&shcp=c1333099&shp=d05b14bd&t=bacd0480&x-expires=1782727200&x-signature=ouhAhHY59H3%2BKwJmJ7qdPelW8qo%3D,https://www.tiktok.com/@yelloutdrea/video/7639841764534275358,2026-05-15,"we’re backkkj @Urlocalweirdo #dancechallenge, #2025dances, #dancetutorial, #tiktokdance, #fyp tiktok dances 2025 to learn",2696788,14776,22,TikTok search: tiktok dance 2025; one-year window,https://www.tikwm.com/api/feed/search?keywords=tiktok+dance+2025&count=30
TikTok,292818,913,golins.2430,https://p16-common-sign.tiktokcdn-eu.com/tos-useast2a-p-0037-euttp/68008de50add4a1fa7702736489a2c66~tplv-tiktokx-origin.image?biz_tag=musically_video.video_cover&dr=10402&idc=no1a&ps=13740610&refresh_token=99f73f1e&shcp=9b759fb9&shp=c1333099&t=4d5b0474&x-expires=1782662400&x-signature=dSfgPCVgHoTDthj%2FJk4HF2yDC9s%3D,https://www.tiktok.com/@golins.2430/video/7636458348224859424,2026-05-06,#passinhodojamal🇧🇷 #fyp #dancinha #boom #viral,5681541,21877,11,TikTok search: passinho do jamal dance; one-year window,https://www.tikwm.com/api/feed/search?keywords=passinho+do+jamal+dance&count=30
TikTok,289505,433,ap💫,https://p16-common-sign.tiktokcdn-eu.com/tos-no1a-p-0037-no/o80KIldCABiEuwRJX3YAfiEx4CyLaIkmIu0zCD~tplv-tiktokx-origin.image?biz_tag=musically_video.video_cover&dr=1347&idc=no1a&ps=933b5bde&refresh_token=357714c9&s=SEARCH&sc=cover&shcp=c1333099&shp=d05b14bd&t=bacd0480&x-expires=1782727200&x-signature=aNw4BXvDVEuSUl1RJCWCpL58FvA%3D,https://www.tiktok.com/@gvbriel.ap/video/7612732886029995286,2026-03-03,dc:@SJ Addison #ap💫 #dance #afro,3624743,15336,16,TikTok search: afrodance challenge; one-year window,https://www.tikwm.com/api/feed/search?keywords=afrodance+challenge&count=30
TikTok,255538,4380,Angelo,https://p16-common-sign.tiktokcdn-eu.com/tos-useast5-p-0068-tx/oQVBmLxtrUPEkIliEnObU14LBBIagipsJB7AE~tplv-tiktokx-origin.image?biz_tag=musically_video.video_cover&dr=1347&idc=no1a&ps=933b5bde&refresh_token=11dfc190&s=SEARCH&sc=cover&shcp=c1333099&shp=d05b14bd&t=bacd0480&x-expires=1782727200&x-signature=gKMqRHGMweT%2FmpsQx3%2FinefBYv4%3D,https://www.tiktok.com/@_angelomarasigan/video/7530349295527071031,2025-07-24,who remembers this katseye era? 😩 #katseyetouch #touchkatseye #touchdance #katseyedance #katseyetouchdance @KATSEYE,3625411,11051,26,TikTok search: katseye touch dance challenge; one-year window,https://www.tikwm.com/api/feed/search?keywords=katseye+touch+dance+challenge&count=30
TikTok,247106,5191,Natalia Amaya,https://p16-common-sign.tiktokcdn-eu.com/tos-useast5-p-0068-tx/oMiIBnIp3gkqAtBmAwPQi3ApDWIzNsueBOF1zC~tplv-tiktokx-origin.image?biz_tag=musically_video.video_cover&dr=1347&idc=no1a&ps=933b5bde&refresh_token=a6ef10dd&s=SEARCH&sc=cover&shcp=c1333099&shp=d05b14bd&t=bacd0480&x-expires=1782727200&x-signature=fqqsxzX1zLRFR9%2FRIQsXnZJlUqM%3D,https://www.tiktok.com/@natalia.amayaa/video/7649870528026660110,2026-06-11,Was I expecting to freestyle today? No. Am I always ready? Absolutely💃 #shuffledance,4953415,6818,25,TikTok search: shuffle dance challenge; one-year window,https://www.tikwm.com/api/feed/search?keywords=shuffle+dance+challenge&count=30
TikTok,257940,1760,Kattx6,https://p16-common-sign.tiktokcdn-eu.com/tos-alisg-p-0037/o8blqt3kNANqFGugAgL8vewGZeKVEUeIGRFmfg~tplv-tiktokx-origin.image?biz_tag=musically_video.video_cover&dr=1347&idc=no1a&ps=933b5bde&refresh_token=f0237b3b&s=SEARCH&sc=cover&shcp=c1333099&shp=d05b14bd&t=bacd0480&x-expires=1782727200&x-signature=tU%2FXU4wYAlmkn46J%2F8pC5F1%2BN8A%3D,https://www.tiktok.com/@kattot6/video/7597565109145292040,2026-01-21,Saw this trend and had to try it.. Trend creator @katseyevision #katseye #katseyedancetrend #trend #CardiB #touchdance,2803608,7836,14,TikTok search: katseye touch dance challenge; one-year window,https://www.tikwm.com/api/feed/search?keywords=katseye+touch+dance+challenge&count=30
TikTok,249468,587,HAGIREN,https://p16-common-sign.tiktokcdn-eu.com/tos-alisg-p-0037/o4LgAAQmfAWQGqBAIp7ZFGzJwAeeQmSARXeAIG~tplv-tiktokx-origin.image?biz_tag=musically_video.video_cover&dr=1347&idc=no1a&ps=933b5bde&refresh_token=42dd0431&s=SEARCH&sc=cover&shcp=c1333099&shp=d05b14bd&t=bacd0480&x-expires=1782727200&x-signature=hVlkd1%2FKIAyJ14TRLyMh19GIWlY%3D,https://www.tiktok.com/@hagiren_hiphop/video/7619751888925379861,2026-03-22,#dancechallenge2026 #japandance #trenddancetiktok #hiphopdancer,7261682,12834,15,TikTok search: tiktok dance 2026; one-year window,https://www.tikwm.com/api/feed/search?keywords=tiktok+dance+2026&count=30
TikTok,227755,1633,🦿,https://p16-common-sign.tiktokcdn-eu.com/tos-useast5-p-0068-tx/o8dvuCSDpBDetmZFEPBQ8AIaEDMhfYIgXRIORS~tplv-tiktokx-origin.image?biz_tag=musically_video.video_cover&dr=1347&idc=no1a&ps=933b5bde&refresh_token=c89a55d1&s=SEARCH&sc=cover&shcp=c1333099&shp=d05b14bd&t=bacd0480&x-expires=1782727200&x-signature=e9Cc%2FMOqNZlabWkXqx4Q5hySi0g%3D,https://www.tiktok.com/@rrodwavegf/video/7593364270780402958,2026-01-09,if uu wnna see some real ahh bby its ur chance 🙂‍↔️ | | @Kenzieꨄ @️ | | #fyp #viral #trendingdance #foryoupage #xyzbca | | Tiktok dances 2025 | | Tiktok dances to learn 2025 | | Dances to learn | | New dances | | Trending | | Duo dances | | Viral dances | | Popular dances |,12722401,24654,20,TikTok search: viral dance 2025; one-year window,https://www.tikwm.com/api/feed/search?keywords=viral+dance+2025&count=30
TikTok,227294,1684,shiro,https://p16-common-sign.tiktokcdn-eu.com/tos-useast8-p-0068-tx2/oUIwIKiRIVl2AkB0ziSCfysJqq8C2i1AqvCdA8~tplv-tiktokx-origin.image?biz_tag=musically_video.video_cover&dr=1347&idc=no1a&ps=933b5bde&refresh_token=79cd3254&s=SEARCH&sc=cover&shcp=c1333099&shp=d05b14bd&t=bacd0480&x-expires=1782727200&x-signature=vMGIwxEjJY%2BemDDocXajY3AiSao%3D,https://www.tiktok.com/@shirowillwin/video/7615681176195435806,2026-03-11,Can you get them all?🕺 #shuffle #dance #tutorials #fyp #viral,2536121,15800,61,TikTok search: shuffle dance challenge; one-year window,https://www.tikwm.com/api/feed/search?keywords=shuffle+dance+challenge&count=30
TikTok,229271,1287,Jenny Aston,https://p16-common-sign.tiktokcdn-eu.com/tos-no1a-p-0037-no/ocEUSEEfRpEb8kFIBYDU72Fg6WeigA2QgQH3QE~tplv-tiktokx-origin.image?biz_tag=musically_video.video_cover&dr=1347&idc=no1a&ps=933b5bde&refresh_token=0f50cb57&s=SEARCH&sc=cover&shcp=c1333099&shp=d05b14bd&t=bacd0480&x-expires=1782727200&x-signature=bRWlSjwobX%2BkRdDEHh2JxL%2BRzSw%3D,https://www.tiktok.com/@jl.shuffle1/video/7604907046135287062,2026-02-10,Replying to @carrillo hope this helps! 💃🕺 #shuffledance #shuffletutorial #learningtoshuffle #pollypocket,8229842,45238,14,TikTok search: shuffle dance challenge; one-year window,https://www.tikwm.com/api/feed/search?keywords=shuffle+dance+challenge&count=30
TikTok,228084,1285,PINTEREST KID.,https://p16-common-sign.tiktokcdn-eu.com/tos-useast2a-p-0037-euttp/ogOBbFRogIL5xtUNfeoRhG2GwgwbYSfeAAILpG~tplv-tiktokx-origin.image?biz_tag=musically_video.video_cover&dr=1347&idc=no1a&item=7651892160308038944&ps=933b5bde&refresh_token=81880758&s=SEARCH&sc=cover&shcp=c1333099&shp=d05b14bd&t=bacd0480&x-expires=1782727200&x-signature=O%2BBjQGigyoycfBRva%2BjK20SWBAE%3D,https://www.tiktok.com/@definitelyfirst/video/7651892160308038944,2026-06-16,@[ᴍᴜʀ - ᴢᴇᴇ]® #murzz #b00tleg #hellokitty,2159587,11835,19,TikTok search: passinho do jamal dance; one-year window,https://www.tikwm.com/api/feed/search?keywords=passinho+do+jamal+dance&count=30
TikTok,225895,949,Dance From Home,https://p16-common-sign.tiktokcdn-eu.com/tos-no1a-p-0037-no/okxG0CI9NABywuAUEnCCBjNQqSiqISuiwAzbfA~tplv-tiktokx-dmt-logom:tos-no1a-i-0068-no/owMFkFDCREFllIApcQEESaCAxAwgq3Afkofj2C.image?biz_tag=musically_video.video_cover&dr=9230&idc=no1a&ps=933b5bde&refresh_token=af1e7a1b&s=SEARCH&sc=cover&shcp=c1333099&shp=d05b14bd&t=bacd0480&x-expires=1782727200&x-signature=HgSSv4R2tMq%2B4mD8fFLXOmfV%2F%2Bc%3D,https://www.tiktok.com/@dance.from.home/video/7534740589238095126,2025-08-04,"Learn your first dance step by step with us! 😍 Start your first dance in a way your guests will remember forever! 💖 We've prepared a beautiful and simple beginning to the song ""Ordinary"" by Alex Warren ✨ And if you're up for more, the full choreography is waiting for you in our online course! 💃🕺 👉 What do you think of this kind of beginning? Let us know in the comments! 💬 ➡️ Learn your first dance step by step: www.dancefromhome.com ✨Follow us for more✨ #weddingdance #weddingdanceonline #firstda",4494262,51700,31,TikTok search: ordinary dance challenge; one-year window,https://www.tikwm.com/api/feed/search?keywords=ordinary+dance+challenge&count=30
TikTok,213550,545,𝒜𝓋𝒶-𝑀𝒶𝓇𝑒𝑒,https://p16-common-sign.tiktokcdn-eu.com/tos-alisg-p-0037/occ8raOfDI41nNn5ABFCUxRU6BfppqBIEUgIED~tplv-tiktokx-origin.image?biz_tag=musically_video.video_cover&dr=1347&idc=no1a&ps=933b5bde&refresh_token=654fba60&s=SEARCH&sc=cover&shcp=c1333099&shp=d05b14bd&t=bacd0480&x-expires=1782727200&x-signature=j%2FW4TxR8VUWk7j04Q40HgQ6msV4%3D,https://www.tiktok.com/@avamaree10/video/7569899285974764807,2025-11-07,bit messy but loved this dance!! #dance #fyp #viral #dontclipmepls #real,1307524,4110,56,TikTok search: messy dance challenge; one-year window,https://www.tikwm.com/api/feed/search?keywords=messy+dance+challenge&count=30
TikTok,212124,559,𝐋𝐄𝐎𝐍𝐀,https://p16-common-sign.tiktokcdn-eu.com/tos-no1a-p-0037-no/oclmN8DwMLeRWkkI1eQevuBX3DIAHhIA0ujsHA~tplv-tiktokx-origin.image?biz_tag=musically_video.video_cover&dr=1347&idc=no1a&ps=933b5bde&refresh_token=ca8fcc47&s=SEARCH&sc=cover&shcp=c1333099&shp=d05b14bd&t=bacd0480&x-expires=1782727200&x-signature=dgmT5sxA5RkiA2Mu%2F%2FLrB18Kby4%3D,https://www.tiktok.com/@leonaaltun/video/7561395840565169430,2025-10-15,Again bc love this Song #timbaland #hiphop #hiphopdance #dancechallenge #hiphopdance,4058324,7256,15,TikTok search: hip hop dance challenge; one-year window,https://www.tikwm.com/api/feed/search?keywords=hip+hop+dance+challenge&count=30
TikTok,209910,285,alexia 🪩,https://p16-common-sign.tiktokcdn-eu.com/tos-useast2a-p-0037-euttp/ooUB4raHQoxCDIJIQOFH4GA0FjFeLMfccgGDeE~tplv-tiktokx-origin.image?biz_tag=musically_video.video_cover&dr=1347&idc=no1a&item=7639107573504904481&ps=933b5bde&refresh_token=dd76e56d&s=SEARCH&sc=cover&shcp=c1333099&shp=d05b14bd&t=bacd0480&x-expires=1782727200&x-signature=givo55WaBcxrWc7futoKPbU0E9w%3D,https://www.tiktok.com/@alexia.lgd/video/7639107573504904481,2026-05-13,walk it out @Kaïs 🕷️ 😝 #dancer #dancetrend,1750854,13358,29,TikTok search: walk in walk out dance; one-year window,https://www.tikwm.com/api/feed/search?keywords=walk+in+walk+out+dance&count=30
TikTok,197045,1528,d4nc_4u,https://p16-common-sign.tiktokcdn-eu.com/tos-no1a-p-0037-no/o8bTrEhu4AufBjAlAILotZIGpezeIFMILIDXaI~tplv-tiktokx-origin.image?biz_tag=musically_video.video_cover&dr=1347&idc=no1a&ps=933b5bde&refresh_token=efc3e05d&s=SEARCH&sc=cover&shcp=c1333099&shp=d05b14bd&t=bacd0480&x-expires=1782727200&x-signature=nRhN%2BoyQCsLMWRHXg56yCTmdQUI%3D,https://www.tiktok.com/@d4nc_4u/video/7627519221630602518,2026-04-11,Part 2 | Dance trend 24/7🇧🇷 #dance #fyp #viral #brasil🇧🇷 #jamal,2585909,32160,32,TikTok search: passinho do jamal dance; one-year window,https://www.tikwm.com/api/feed/search?keywords=passinho+do+jamal+dance&count=30
TikTok,191139,1338,.,https://p16-common-sign.tiktokcdn-eu.com/tos-alisg-p-0037/owgILRrBInfHALO0oDogGADcFZfCC8GwIguejs~tplv-tiktokx-origin.image?biz_tag=musically_video.video_cover&dr=1347&idc=no1a&ps=933b5bde&refresh_token=bf199a8e&s=SEARCH&sc=cover&shcp=c1333099&shp=d05b14bd&t=bacd0480&x-expires=1782727200&x-signature=pdGpDhCIth%2BHxCwy%2BnaLzimwq7c%3D,https://www.tiktok.com/@chels.secretsecret/video/7531207611337788690,2025-07-26,#fyp #viral #dance #Summer #xybca #asian #dancesfor2 #2025 #tiktokdance #teamwork #chinese #trending #tiktokdance2025 #sauga #oakville #squareone #confidence,10216395,18222,9,TikTok search: viral dance 2025; one-year window,https://www.tikwm.com/api/feed/search?keywords=viral+dance+2025&count=30
TikTok,180138,1418,.angelinamayyyy,https://p16-common-sign.tiktokcdn-eu.com/tos-no1a-p-0037-no/oUDPbQT7EG2eAF3LVFIIGALzf60zD0DnIQzfjm~tplv-tiktokx-origin.image?biz_tag=musically_video.video_cover&dr=1347&idc=no1a&ps=933b5bde&refresh_token=7b06e669&s=SEARCH&sc=cover&shcp=c1333099&shp=d05b14bd&t=bacd0480&x-expires=1782727200&x-signature=RLL%2B78zIVM6zZzhvgmwOTk%2FviPg%3D,https://www.tiktok.com/@.angelinamayyyy/video/7523236328562003222,2025-07-04,my baee @Emma 🥰 #foryoupage #fyp #foryou #onthisday #fypシ #fyppppppppppppppppppppppp #newtrend #dance #dans #viral #2025,8348997,14270,9,TikTok search: viral dance 2025; one-year window,https://www.tikwm.com/api/feed/search?keywords=viral+dance+2025&count=30
TikTok,175368,1783,esssay🖤,https://p16-common-sign.tiktokcdn-eu.com/tos-alisg-p-0037/oYSGKgIFGAeQYBw1RXategAIGeAYLGANbJAmfQ~tplv-tiktokx-origin.image?biz_tag=musically_video.video_cover&dr=1347&idc=no1a&ps=933b5bde&refresh_token=43b7f3e1&s=SEARCH&sc=cover&shcp=c1333099&shp=d05b14bd&t=bacd0480&x-expires=1782727200&x-signature=2h%2BULrRpduhVlFkWm1PAgwglAD8%3D,https://www.tiktok.com/@essay_15/video/7611363773651094791,2026-02-27,messy hair #fyppppppppppppppppppppppp #dancechallenge #trending,2663453,9179,9,TikTok search: messy dance challenge; one-year window,https://www.tikwm.com/api/feed/search?keywords=messy+dance+challenge&count=30
TikTok,185505,171,Shayna’🇲🇶,https://p19-common-sign.tiktokcdn-eu.com/tos-useast2a-p-0037-euttp/oQB6gSEcwTidI5mIRE5ZbtibI50vjawlAAB0K~tplv-tiktokx-origin.image?biz_tag=musically_video.video_cover&dr=1347&idc=no1a&item=7652824708211150113&ps=933b5bde&refresh_token=a7fc9e7b&s=SEARCH&sc=cover&shcp=c1333099&shp=d05b14bd&t=bacd0480&x-expires=1782727200&x-signature=ROTnUuxHnXw9XXp9x7gVobvc1Fo%3D,https://www.tiktok.com/@s.ay972/video/7652824708211150113,2026-06-19,Dc : @MJENAYLA // 👩🏻‍🤝‍👩🏽 @Chilombo🪷 #foryou #pourtoi #trend #dance #amapiano,1199468,5736,13,TikTok search: amapiano dance challenge; one-year window,https://www.tikwm.com/api/feed/search?keywords=amapiano+dance+challenge&count=30
TikTok,176457,1006,vee 🪄,https://p16-common-sign.tiktokcdn-eu.com/tos-alisg-p-0037/osYFJt0ERIUAZUlfmoIDLeDpSKRFEByLBgpUtG~tplv-tiktokx-origin.image?biz_tag=musically_video.video_cover&dr=1347&idc=no1a&ps=933b5bde&refresh_token=6ae3c3c3&s=SEARCH&sc=cover&shcp=c1333099&shp=d05b14bd&t=bacd0480&x-expires=1782727200&x-signature=rykjrRJ5thCuUklYTeGPjkFsDUY%3D,https://www.tiktok.com/@katswiinks/video/7573002396171898119,2025-11-16,If Touch by KATSEYE was in Just Dance 🎄🪩 dts:@yan @cal ༄ @lana •°♡ @𝑗𝑜𝑒 ִ ࣪𖤐 @sour @curtis🤍 @aera @olly ꩜ @KATSEYE @🗝️ @Just Dance 2026 | Ubisoft GSA @sophia laforteza special thanks to : peaksyt3009 on YT for tremendous help! #katseye #justdance #christmas #gnarly #touch,1385809,13398,62,TikTok search: katseye touch dance challenge; one-year window,https://www.tikwm.com/api/feed/search?keywords=katseye+touch+dance+challenge&count=30
TikTok,176158,498,ItzzJhanéꨄ,https://p16-common-sign.tiktokcdn-eu.com/tos-useast2a-p-0037-euttp/ow3BiBrt9C9AIDYvEAAFifBuTrdW0IAcaBAIos~tplv-tiktokx-origin.image?biz_tag=musically_video.video_cover&dr=1347&idc=no1a&item=7561451776017190177&ps=933b5bde&refresh_token=090b5a22&s=SEARCH&sc=cover&shcp=c1333099&shp=d05b14bd&t=bacd0480&x-expires=1782727200&x-signature=9bffHJQM2UKtYjoCzY3MDvDjPB8%3D,https://www.tiktok.com/@official_jhane_danie/video/7561451776017190177,2025-10-15,Jealousyyy📸 | DC: @loockas & @Rèj X #fyp #trending #dance #viral #afro,2295247,5765,21,TikTok search: afrodance challenge; one-year window,https://www.tikwm.com/api/feed/search?keywords=afrodance+challenge&count=30
TikTok,163317,2100,Papta Steezy,https://p16-common-sign.tiktokcdn-eu.com/tos-alisg-p-0037/oYgFCTaIkCW8fAjDCBgAdLIDGwGj7oMfYeEL7o~tplv-tiktokx-origin.image?biz_tag=musically_video.video_cover&dr=1347&idc=no1a&ps=933b5bde&refresh_token=1f2eddef&s=SEARCH&sc=cover&shcp=c1333099&shp=d05b14bd&t=bacd0480&x-expires=1782727200&x-signature=0sv7MLbSrH9aPZXGg5pqripuihc%3D,https://www.tiktok.com/@ziyakhalaejozie/video/7624788655177075989,2026-04-04,AMAPIANO DANCE CHALLENGE 2026 TRENDING #paptasteezy #ziyakhalaejozie #amapianochallenge #amapianoisalifestyle #amapianovibes,6649918,4647,15,TikTok search: amapiano dance challenge; one-year window,https://www.tikwm.com/api/feed/search?keywords=amapiano+dance+challenge&count=30
TikTok,168787,332,JJ & Lulu🌟,https://p16-common-sign.tiktokcdn-eu.com/tos-alisg-p-0037/5bd19a3a86e44a258927397af53ccf5a~tplv-tiktokx-origin.image?biz_tag=musically_video.video_cover&dr=10402&idc=no1a&ps=13740610&refresh_token=6a3aacbb&shcp=9b759fb9&shp=c1333099&t=4d5b0474&x-expires=1782662400&x-signature=t72NqTFNQePdb1TGLk%2BHyMWpbhg%3D,https://www.tiktok.com/@jaden__lunathi.15s/video/7582208851739512084,2025-12-10,Guess who got promoted!!!🥳🥳🔥🔥🔥#fypage #fyppppppppppppppppppppppp #newdancechallenge #amapiano #zep,4273135,7536,29,TikTok search: amapiano dance challenge; one-year window,https://www.tikwm.com/api/feed/search?keywords=amapiano+dance+challenge&count=30
TikTok,152566,2051,Lizzie,https://p16-common-sign.tiktokcdn-eu.com/tos-no1a-p-0037-no/o42AQWAXfIAXDGAAePRfydQIWghTM8fKQ13hy8~tplv-tiktokx-origin.image?biz_tag=musically_video.video_cover&dr=1347&idc=no1a&ps=933b5bde&refresh_token=21bff85a&s=SEARCH&sc=cover&shcp=c1333099&shp=d05b14bd&t=bacd0480&x-expires=1782727200&x-signature=wRflf%2Bl7fquUvm%2FY5%2BKMwxf8A40%3D,https://www.tiktok.com/@lizziecl/video/7529530012916124950,2025-07-21,Polly Pocket / diagonal Running Man tutorial 🥰 #shuffletutorial #shuffledance #dancetutorial,7446562,22170,18,TikTok search: shuffle dance challenge; one-year window,https://www.tikwm.com/api/feed/search?keywords=shuffle+dance+challenge&count=30
